Workbook
Name _2__Adequate_ethane___methane_signal?: [1]AllSites!$BH$2:$BH$1048576
Name _3__Good_ethane___methane_correlation?: [1]AllSites!$BI$2:$BI$1048576
Name _4__Good_tracer_correlation?: [1]AllSites!$BM$2:$BM$1048576
Name _5__Good_tracer_ratio?: [1]AllSites!$BO$2:$BO$1048576
Name _6a__Good_acetylene_methane_correlation?: [1]AllSites!$BQ$2:$BQ$1048576
Name _6b__Good_nitrous_methane_correlation?: [1]AllSites!$BR$2:$BR$1048576
Name _7__Good_tracer_area_ratio?: [1]AllSites!$BU$2:$BU$1048576
Name _c2h2_area: [1]AllSites!$AN$2:$AN$1048576
Name _c2h2_flow: [1]AllSites!$J$2:$J$1048576
Name _Ref79413875: #REF!
Name _Ref79414097: #REF!
Name _Ref79414132: #REF!
Name A: '[2]National account cube'!$B$1:$B$10,'[2]National account cube'!$B$12:$B$224
Name A1828364K: '[3]exp 12b Data1'!$B$1:$B$10,'[3]exp 12b Data1'!$B$11:$B$388
Name A1828365L: '[3]exp 12b Data1'!$C$1:$C$10,'[3]exp 12b Data1'!$C$11:$C$388
Name A1828366R: '[3]exp 12b Data1'!$D$1:$D$10,'[3]exp 12b Data1'!$D$11:$D$388
Name A1828367T: '[3]exp 12b Data1'!$E$1:$E$10,'[3]exp 12b Data1'!$E$11:$E$388
Name A1828368V: '[3]exp 12b Data1'!$F$1:$F$10,'[3]exp 12b Data1'!$F$11:$F$388
Name A1828369W: '[3]exp 12b Data1'!$G$1:$G$10,'[3]exp 12b Data1'!$G$11:$G$388
Name A1828370F: '[3]exp 12b Data1'!$H$1:$H$10,'[3]exp 12b Data1'!$H$11:$H$388
Name A1828371J: '[3]exp 12b Data1'!$I$1:$I$10,'[3]exp 12b Data1'!$I$11:$I$388
Name A1828372K: '[3]exp 12b Data1'!$J$1:$J$10,'[3]exp 12b Data1'!$J$11:$J$388
Name A1828373L: '[3]exp 12b Data1'!$K$1:$K$10,'[3]exp 12b Data1'!$K$11:$K$388
Name A1828374R: '[3]exp 12b Data1'!$L$1:$L$10,'[3]exp 12b Data1'!$L$11:$L$388
Name A1828375T: '[3]exp 12b Data1'!$M$1:$M$10,'[3]exp 12b Data1'!$M$11:$M$388
Name A1828376V: '[3]exp 12b Data1'!$N$1:$N$10,'[3]exp 12b Data1'!$N$11:$N$388
Name A1828377W: '[3]exp 12b Data1'!$O$1:$O$10,'[3]exp 12b Data1'!$O$11:$O$388
Name A1828378X: '[3]exp 12b Data1'!$P$1:$P$10,'[3]exp 12b Data1'!$P$11:$P$388
Name A1828379A: '[3]exp 12b Data1'!$Q$1:$Q$10,'[3]exp 12b Data1'!$Q$11:$Q$388
Name A1828380K: '[3]exp 12b Data1'!$R$1:$R$10,'[3]exp 12b Data1'!$R$11:$R$388
Name A1828381L: '[3]exp 12b Data1'!$S$1:$S$10,'[3]exp 12b Data1'!$S$11:$S$388
Name A1828382R: '[3]exp 12b Data1'!$T$1:$T$10,'[3]exp 12b Data1'!$T$11:$T$388
Name A1828383T: '[3]exp 12b Data1'!$U$1:$U$10,'[3]exp 12b Data1'!$U$11:$U$388
Name A1828384V: '[3]exp 12b Data1'!$V$1:$V$10,'[3]exp 12b Data1'!$V$11:$V$388
Name A1828385W: '[3]exp 12b Data1'!$W$1:$W$10,'[3]exp 12b Data1'!$W$11:$W$388
Name A1828386X: '[3]exp 12b Data1'!$X$1:$X$10,'[3]exp 12b Data1'!$X$11:$X$388
Name A1828387A: '[3]exp 12b Data1'!$Y$1:$Y$10,'[3]exp 12b Data1'!$Y$11:$Y$388
Name A1828388C: '[3]exp 12b Data1'!$Z$1:$Z$10,'[3]exp 12b Data1'!$Z$11:$Z$388
Name A1828389F: '[3]exp 12b Data1'!$AA$1:$AA$10,'[3]exp 12b Data1'!$AA$11:$AA$388
Name A1828390R: '[3]exp 12b Data1'!$AB$1:$AB$10,'[3]exp 12b Data1'!$AB$11:$AB$388
Name A1828391T: '[3]exp 12b Data1'!$AC$1:$AC$10,'[3]exp 12b Data1'!$AC$11:$AC$388
Name A1828392V: '[3]exp 12b Data1'!$AD$1:$AD$10,'[3]exp 12b Data1'!$AD$11:$AD$388
Name A1828393W: '[3]exp 12b Data1'!$AE$1:$AE$10,'[3]exp 12b Data1'!$AE$11:$AE$388
Name A1828394X: '[3]exp 12b Data1'!$AF$1:$AF$10,'[3]exp 12b Data1'!$AF$11:$AF$388
Name A1828395A: '[3]exp 12b Data1'!$AG$1:$AG$10,'[3]exp 12b Data1'!$AG$11:$AG$388
Name A1828396C: '[3]exp 12b Data1'!$AH$1:$AH$10,'[3]exp 12b Data1'!$AH$11:$AH$388
Name A1828397F: '[3]exp 12b Data1'!$AI$1:$AI$10,'[3]exp 12b Data1'!$AI$11:$AI$388
Name A1828398J: '[3]exp 12b Data1'!$AJ$1:$AJ$10,'[3]exp 12b Data1'!$AJ$11:$AJ$388
Name A1828399K: '[3]exp 12b Data1'!$AK$1:$AK$10,'[3]exp 12b Data1'!$AK$11:$AK$388
Name A1828400J: '[3]exp 12b Data1'!$AL$1:$AL$10,'[3]exp 12b Data1'!$AL$11:$AL$388
Name A1828401K: '[3]exp 12b Data1'!$AM$1:$AM$10,'[3]exp 12b Data1'!$AM$11:$AM$388
Name A1828402L: '[3]exp 12b Data1'!$AN$1:$AN$10,'[3]exp 12b Data1'!$AN$11:$AN$388
Name A1828403R: '[3]exp 12b Data1'!$AO$1:$AO$10,'[3]exp 12b Data1'!$AO$11:$AO$388
Name A1828404T: '[3]exp 12b Data1'!$AP$1:$AP$10,'[3]exp 12b Data1'!$AP$11:$AP$388
Name A1828405V: '[3]exp 12b Data1'!$AQ$1:$AQ$10,'[3]exp 12b Data1'!$AQ$11:$AQ$388
Name A1828406W: '[3]exp 12b Data1'!$AR$1:$AR$10,'[3]exp 12b Data1'!$AR$11:$AR$388
Name A1828407X: '[3]exp 12b Data1'!$AS$1:$AS$10,'[3]exp 12b Data1'!$AS$11:$AS$388
Name A1828408A: '[3]exp 12b Data1'!$AT$1:$AT$10,'[3]exp 12b Data1'!$AT$11:$AT$388
Name A1828409C: '[3]exp 12b Data1'!$AU$1:$AU$10,'[3]exp 12b Data1'!$AU$11:$AU$388
Name A1828410L: '[3]exp 12b Data1'!$AV$1:$AV$10,'[3]exp 12b Data1'!$AV$11:$AV$388

Sheet Front Cover

Sheet Copyright

Sheet Contents
A1: Quarterly Update of Australia's National Greenhouse Gas Inventory
A2: Figures and Tables for the December Quarter 2025
A3: Published by the Department of Climate Change, Energy, the Environment and Water, 2026
A5: Contents
A6: Figures
A7: ='Figure P1'!A4 -> Figure P1: Emissions, by quarter, September 2004 to December 2025 (including preliminary March 2026)
A8: ='Figure 1'!A4 -> Figure 1: Emissions, by quarter, September 2004 to December 2025
A9: ='Figure 2'!A4 -> Figure 2: Emissions by quarter and gas, trend, September 2004 to December 2025
A10: ='Figure 3'!A4 -> Figure 3: Change in emissions from year to December 2024 to year to December 2025 by sector, Mt CO2-e.
A11: ='Figure 4'!A4 -> Figure 4: Percentage change in emissions, by sector, since year to June 2005
A12: ='Figure 4a'!A4 -> Figure 4a: Percentage change in emissions, by sector, since year to December 2025 (excluding LULUCF)
A13: ='Figure 5'!A4 -> Figure 5: Share of total emissions, by sector, for the year to December 2025
A14: ='Figure 5'!A4 -> Figure 5: Share of total emissions, by sector, for the year to December 2025
A15: ='Figure 6'!A4 -> Figure 6: Emissions from the electricity sector, by quarter, September 2004 to December 2025
A16: ='Figure 7'!A4 -> Figure7: NEM emissions, by quarter, September 2004 to December 2025 (including preliminary March 2026)
A17: ='Figure 8'!$A$4 -> Figure 8: Change in electricity generation in the NEM (trend), by fuel, by quarter, September 2010 to December 2025 (including preliminary March 2026)
A18: ='Figure 9'!$A$4 -> Figure 9: Stationary energy excluding electricity emissions and energy industries excluding electricity, by quarter, September 2004 to December 2025
A19: ='Figure 10'!$A$4 -> Figure 10: LNG exports, by quarter, September 2004 to December 2025
A20: ='Figure 11'!$A$4 -> Figure 11: Transport emissions, actual and trend, by quarter, September 2004 to December 2025
A21: ='Figure 12'!$A$4 -> Figure 12: Consumption of primary liquid fuels, actual and trend, by quarter, June 2005 to December 2025
A22: ='Figure 13'!$A$4 -> Figure 13: Fugitive emissions, actual and trend, by sub-sector, by quarter September 2004 to December 2025
A23: ='Figure 14'!$A$4 -> Figure 14: Industrial processes and product use emissions, actual, by sub-sector, by quarter, September 2004 to December 2025
A24: ='Figure 15'!$A$4 -> Figure 15: Agriculture emissions, actual and trend, by quarter, September 2004 to December 2025
A25: ='Figure 16'!$A$4 -> Figure 16: Waste emissions, actual, by sub-sector, by quarter, September 2004 to December 2025
A26: ='Figure 17'!$A$4 -> Figure 17: LULUCF net anthropogenic emissions, by sub-sector, from year to December 2025
A27: ='Figure 18'!$A$4 -> Figure 18: Emissions per capita and per dollar of real GDP, by quarter, September 2004 to December 2025
A28: ='Figure ST1'!$A$4 -> Figure ST1: Total cleared area, Australia, 1989-90 to 2023-24
A29: ='Figure ST2'!$A$4 -> Figure ST2: Disaggregated emissions associated with forest conversions
A30: ='Figure ST3'!$A$4 -> Figure ST3: Net emissions from regrowth and regenerating forest
A31: ='Figure ST4'!$A$4 -> Figure ST4: Harvest Area and Net Emissions in Harvested Native Forests
A32: ='Figure ST5'!$A$4 -> Figure ST5: Net emissions from savanna fire management in ACCU project areas and non-project areas
A33: Tables
A34: ='Data Table 1A'!A4 -> Data Table 1A: Actual emissions (Mt), by sector, by quarter, since 2004-05 (including preliminary March 2026)
A35: ='Data Table 1B'!A4 -> Data Table 1B: Seasonally adjusted emissions (Mt), by sector, by quarter, since 2004-05 (including preliminary March 2026)
A36: ='Data Table 1C'!A4 -> Data Table 1C: Trend emissions (Mt), by sector, by quarter, since 2004-05 (including preliminary March 2026)
A38: dcceew.gov.au

Sheet Figure P1
A1: Quarterly Update of Australia's National Greenhouse Gas Inventory | Figures and Tables for the December Quarter 2025
A2: Click here to return to contents page
A4: Figure P1: Emissions, by quarter, September 2004 to December 2025 (including preliminary March 2026)
A5: Units: | B5: Million tonnes of carbon dioxide equivalent | C5: Million tonnes of carbon dioxide equivalent
A6: Quarter | B6: Seasonally adjusted and weather normalised | C6: Trend
A7: 38231 | B7: 151.18156 | C7: 149.83459
A8: 38322 | B8: 151.65293 | C8: 151.63018
A9: 38412 | B9: 153.2081 | C9: 153.45096
A10: 38504 | B10: 151.62363 | C10: 155.89573
A11: 38596 | B11: 160.95529 | C11: 158.72276
A12: 38687 | B12: 161.1653 | C12: 160.85918
A13: 38777 | B13: 161.43692 | C13: 161.24475
A14: 38869 | B14: 160.40122 | C14: 159.96451
A15: 38961 | B15: 156.96805 | C15: 158.21129
A16: 39052 | B16: 156.8457 | C16: 156.99278
A17: 39142 | B17: 156.71868 | C17: 156.42007
A18: 39234 | B18: 155.95253 | C18: 155.89955
... A93: 46082 | B93: 113.36971 | C93: 113.99608
A95: Source: Department of Climate Change, Energy, the Environment and Water

Sheet Figure 1
A1: Quarterly Update of Australia's National Greenhouse Gas Inventory | Figures and Tables for the December Quarter 2025
A2: Click here to return to contents page
A4: Figure 1: Emissions, by quarter, September 2004 to December 2025
A5: Units: | B5: Million tonnes of carbon dioxide equivalent | C5: Million tonnes of carbon dioxide equivalent | D5: Million tonnes of carbon dioxide equivalent
A6: Quarter | B6: Actual emissions | C6: Seasonally adjusted and weather normalised | D6: Trend
A7: 38231 | B7: 156.2807 | C7: 151.18156 | D7: 149.83459
A8: 38322 | B8: 148.93172 | C8: 151.65293 | D8: 151.63018
A9: 38412 | B9: 148.40287 | C9: 153.2081 | D9: 153.45096
A10: 38504 | B10: 154.11395 | C10: 151.62363 | D10: 155.89573
A11: 38596 | B11: 165.97847 | C11: 160.95529 | D11: 158.72276
A12: 38687 | B12: 158.3142 | C12: 161.1653 | D12: 160.85918
A13: 38777 | B13: 156.79172 | C13: 161.43692 | D13: 161.24475
A14: 38869 | B14: 163.00165 | C14: 160.40122 | D14: 159.96451
A15: 38961 | B15: 161.82238 | C15: 156.96805 | D15: 158.21129
A16: 39052 | B16: 153.8843 | C16: 156.8457 | D16: 156.99278
A17: 39142 | B17: 152.24585 | C17: 156.71868 | D17: 156.42007
A18: 39234 | B18: 158.82227 | C18: 155.95253 | D18: 155.89955
... A92: 45992 | B92: 111.33423 | C92: 114.24824 | D92: 114.37525
A95: Source: Department of Climate Change, Energy, the Environment and Water

Sheet Figure 2
A1: ='Figure P1'!A1 -> Quarterly Update of Australia's National Greenhouse Gas Inventory | Figures and Tables for the December Quarter 2025
A2: Click here to return to contents page
A4: Figure 2: Emissions by quarter and gas, trend, September 2004 to December 2025
A6: Units: | B6: Million tonnes of carbon dioxide equivalent
B7: Carbon dioxide equivalent (CO2-e) | F7: Raw gas (CO2, CH4 and N2O)
A8: Quarter | B8: CO2 emissions (trend) | C8: CH4 emissions (trend) | D8: N2O emissions (trend) | E8: Other emissions (trend) | F8: Raw CO2 emissions (trend) | G8: Raw CH4 emissions (trend) | H8: Raw N2O emissions (trend)
A9: 38231 | B9: 106.72881 | C9: 36.655414 | D9: 5.0787833 | E9: 1.3116955 | F9: 108.80255 | G9: 1.3077707 | H9: 0.019181622
A10: 38322 | B10: 108.54343 | C10: 36.6348 | D10: 5.0787954 | E10: 1.3614862 | F10: 108.7807 | G10: 1.3089083 | H10: 0.01917935
A11: 38412 | B11: 110.45938 | C11: 36.703734 | D11: 5.0857559 | E11: 1.368755 | F11: 109.72021 | G11: 1.3111661 | H11: 0.01919066
A12: 38504 | B12: 113.0157 | C12: 36.80281 | D12: 5.1012567 | E12: 1.3295189 | F12: 112.00331 | G12: 1.3143406 | H12: 0.019240691
A13: 38596 | B13: 115.82583 | C13: 36.903118 | D13: 5.1211434 | E13: 1.2718146 | F13: 114.93893 | G13: 1.3179546 | H13: 0.019321606
A14: 38687 | B14: 117.79654 | C14: 36.955241 | D14: 5.1286684 | E14: 1.2344965 | F14: 117.2112 | G14: 1.3199634 | H14: 0.019361019
A15: 38777 | B15: 118.02117 | C15: 36.985826 | D15: 5.1105746 | E15: 1.2363838 | F15: 117.70283 | G15: 1.3212037 | H15: 0.019291964
A16: 38869 | B16: 116.68489 | C16: 37.056753 | D16: 5.068566 | E16: 1.2676654 | F16: 116.4386 | G16: 1.3236762 | H16: 0.019124248
A17: 38961 | B17: 114.88405 | C17: 37.210627 | D17: 5.0159599 | E17: 1.3058451 | F17: 114.57119 | G17: 1.3292212 | H17: 0.018926281
A18: 39052 | B18: 113.48713 | C18: 37.385643 | D18: 4.9740636 | E18: 1.3384159 | F18: 113.16649 | G18: 1.3355877 | H18: 0.018779027
A19: 39142 | B19: 112.75817 | C19: 37.438632 | D19: 4.9416033 | E19: 1.3664903 | F19: 112.54472 | G19: 1.3377796 | H19: 0.018666245
A20: 39234 | B20: 112.31288 | C20: 37.252088 | D20: 4.9051986 | E20: 1.391048 | F20: 112.30793 | G20: 1.3313463 | H20: 0.01852883
... A94: 45992 | B94: 75.304929 | C94: 31.114696 | D94: 5.0170108 | E94: 2.8522252 | F94: 75.569336 | G94: 1.1113137 | H94: 0.018932736
A96: Note: Raw gas numbers may not convert directly to CO2-e numbers as data is trended.
A97: Source: Department of Climate Change, Energy, the Environment and Water

Sheet Figure 3
A1: ='Figure 2'!A1 -> Quarterly Update of Australia's National Greenhouse Gas Inventory | Figures and Tables for the December Quarter 2025
A2: Click here to return to contents page
A4: Figure 3: Change in emissions from year to December 2024 to year to December 2025 by sector, Mt CO2-e.
A5: Units: | B5: Mt CO2-e
B6: Change | C6: ABS Change | D6: Inventory total | E6: Sub total
A7: Year to September 2024 | D7: 520.71749 | E7: 520.71749
A8: Electricity | B8: -5.7261199 | C8: 5.7261199 | D8: 514.99137 | E8: 514.99137
A9: Fugitives | B9: -2.5192348 | C9: 2.5192348 | D9: 512.47214 | E9: 512.47214
A10: Stationary Energy | B10: -1.5284651 | C10: 1.5284651 | D10: 510.94367 | E10: 510.94367
A11: Transport | B11: -0.62924127 | C11: 0.62924127 | D11: 510.31443 | E11: 510.31443
A12: Waste | B12: -0.23941661 | C12: 0.23941661 | D12: 510.07501 | E12: 510.07501
A13: Agriculture | B13: -0.076267165 | C13: 0.076267165 | D13: 509.99875 | E13: 509.99875
A14: IPPU | B14: 0.91461386 | C14: 0.91461386 | D14: 509.99875 | E14: 510.91336
A15: Year to September 2025 | D15: 510.91336
A17: Source: Department of Climate Change, Energy, the Environment and Water

Sheet Figure 4
A1: ='Figure 2'!A1 -> Quarterly Update of Australia's National Greenhouse Gas Inventory | Figures and Tables for the December Quarter 2025
A2: Click here to return to contents page
A4: Figure 4: Percentage change in emissions, by sector, since year to June 2005
A5: Units: | B5: % change
A6: Year | B6: Electricity | C6: Stationary energy excl. electricity | D6: Transport | E6: Fugitive emissions | F6: Industrial processes and product use | G6: Agriculture | H6: Waste | I6: LULUCF
A7: 2005 | B7: 0 | C7: 0 | D7: 0 | E7: 0 | F7: 0 | G7: 0 | H7: 0 | I7: 0
A8: 2006 | B8: 0.031 | C8: -0.001 | D8: 0.027 | E8: 0.059 | F8: 0.05 | G8: -0.036 | H8: -0.003 | I8: 0.242
A9: 2007 | B9: 0.04 | C9: 0.02 | D9: 0.049 | E9: 0.103 | F9: 0.082 | G9: -0.074 | H9: 0.025 | I9: -0.009
A10: 2008 | B10: 0.058 | C10: 0.04 | D10: 0.061 | E10: 0.08 | F10: 0.087 | G10: -0.088 | H10: 0.038 | I10: -0.141
A11: 2009 | B11: 0.059 | C11: 0.001 | D11: 0.072 | E11: 0.067 | F11: 0.012 | G11: -0.104 | H11: 0.027 | I11: -0.15
A12: 2010 | B12: 0.026 | C12: 0.04 | D12: 0.096 | E12: 0.061 | F12: 0.14 | G12: -0.092 | H12: 0.008 | I12: -0.323
A13: 2011 | B13: 0.017 | C13: 0.07 | D13: 0.116 | E13: 0.042 | F13: 0.11 | G13: -0.06 | H13: -0.05 | I13: -0.713
A14: 2012 | B14: -0.024 | C14: 0.107 | D14: 0.125 | E14: 0.06 | F14: 0.013 | G14: -0.048 | H14: -0.104 | I14: -0.82
A15: 2013 | B15: -0.071 | C15: 0.148 | D15: 0.139 | E15: 0.05 | F15: -0.011 | G15: -0.046 | H15: -0.131 | I15: -0.823
A16: 2014 | B16: -0.053 | C16: 0.107 | D16: 0.145 | E16: 0.091 | F16: -0.003 | G16: -0.062 | H16: -0.124 | I16: -0.98
A17: 2015 | B17: -0.024 | C17: 0.105 | D17: 0.167 | E17: 0.179 | F17: 0.017 | G17: -0.089 | H17: -0.093 | I17: -1.4
A18: 2016 | B18: -0.034 | C18: 0.128 | D18: 0.168 | E18: 0.244 | F18: 0.029 | G18: -0.069 | H18: -0.081 | I18: -1.534
... A26: 2024 | B26: -0.229 | C26: 0.213 | D26: 0.24 | E26: 0.136 | F26: 0.021 | G26: -0.078 | H26: -0.129 | I26: -1.679
A27: 2025 | B27: -0.258 | C27: 0.194 | D27: 0.233 | E27: 0.077 | F27: 0.051 | G27: -0.078 | H27: -0.144 | I27: -1.677
A29: Source: Department of Climate Change, Energy, the Environment and Water

Sheet Figure 4a
A1: ='Figure 2'!A1 -> Quarterly Update of Australia's National Greenhouse Gas Inventory | Figures and Tables for the December Quarter 2025
A2: Click here to return to contents page
A4: Figure 4a: Percentage change in emissions, by sector, since year to December 2025 (excluding LULUCF)
A5: Units: | B5: % change
A6: Year | B6: Electricity | C6: Stationary energy excl. electricity | D6: Transport | E6: Fugitive emissions | F6: Industrial processes and product use | G6: Agriculture | H6: Waste
A7: 2005 | B7: 0 | C7: 0 | D7: 0 | E7: 0 | F7: 0 | G7: 0 | H7: 0
A8: 2006 | B8: 0.031 | C8: -0.001 | D8: 0.027 | E8: 0.059 | F8: 0.05 | G8: -0.036 | H8: -0.003
A9: 2007 | B9: 0.04 | C9: 0.02 | D9: 0.049 | E9: 0.103 | F9: 0.082 | G9: -0.074 | H9: 0.025
A10: 2008 | B10: 0.058 | C10: 0.04 | D10: 0.061 | E10: 0.08 | F10: 0.087 | G10: -0.088 | H10: 0.038
A11: 2009 | B11: 0.059 | C11: 0.001 | D11: 0.072 | E11: 0.067 | F11: 0.012 | G11: -0.104 | H11: 0.027
A12: 2010 | B12: 0.026 | C12: 0.04 | D12: 0.096 | E12: 0.061 | F12: 0.14 | G12: -0.092 | H12: 0.008
A13: 2011 | B13: 0.017 | C13: 0.07 | D13: 0.116 | E13: 0.042 | F13: 0.11 | G13: -0.06 | H13: -0.05
A14: 2012 | B14: -0.024 | C14: 0.107 | D14: 0.125 | E14: 0.06 | F14: 0.013 | G14: -0.048 | H14: -0.104
A15: 2013 | B15: -0.071 | C15: 0.148 | D15: 0.139 | E15: 0.05 | F15: -0.011 | G15: -0.046 | H15: -0.131
A16: 2014 | B16: -0.053 | C16: 0.107 | D16: 0.145 | E16: 0.091 | F16: -0.003 | G16: -0.062 | H16: -0.124
A17: 2015 | B17: -0.024 | C17: 0.105 | D17: 0.167 | E17: 0.179 | F17: 0.017 | G17: -0.089 | H17: -0.093
A18: 2016 | B18: -0.034 | C18: 0.128 | D18: 0.168 | E18: 0.244 | F18: 0.029 | G18: -0.069 | H18: -0.081
... A26: 2024 | B26: -0.229 | C26: 0.213 | D26: 0.24 | E26: 0.136 | F26: 0.021 | G26: -0.078 | H26: -0.129
A27: 2025 | B27: -0.258 | C27: 0.194 | D27: 0.233 | E27: 0.077 | F27: 0.051 | G27: -0.078 | H27: -0.144
A29: Source: Department of Climate Change, Energy, the Environment and Water

Sheet Figure 5
A1: ='Figure 1'!A1 -> Quarterly Update of Australia's National Greenhouse Gas Inventory | Figures and Tables for the December Quarter 2025
A2: Click here to return to contents page
A4: Figure 5: Share of total emissions, by sector, for the year to December 2025
A5: Unit | B5: Electricity | C5: Transport | D5: Stationary energy excluding electricity | E5: Agriculture | F5: Fugitive emissions | G5: Industrial processes and product use | H5: Waste | I5: LULUCF
A6: % | B6: 0.31780826 | C6: 0.21970818 | D6: 0.21136581 | E6: 0.16613064 | F6: 0.099927315 | G6: 0.068986169 | H6: 0.029388676 | I6: -0.11331505
A7: Mt CO2-e | B7: 145.84595 | C7: 100.82666 | D7: 96.998253 | E7: 76.239304 | F7: 45.857819 | G7: 31.658564 | H7: 13.486809 | I7: -52.001607
A9: Source: Department of Climate Change, Energy, the Environment and Water

Sheet Figure 6
A1: ='Figure 1'!A1 -> Quarterly Update of Australia's National Greenhouse Gas Inventory | Figures and Tables for the December Quarter 2025
A2: Click here to return to contents page
A4: Figure 6: Emissions from the electricity sector, by quarter, September 2004 to December 2025
A5: Units: | B5: Million tonnes of carbon dioxide equivalent | C5: Million tonnes of carbon dioxide equivalent
A6: Quarter | B6: Actual emissions | C6: Trend Emissions
A7: 38231 | B7: 51.242025 | C7: 49.026898
A8: 38322 | B8: 46.275027 | C8: 49.067501
A9: 38412 | B9: 49.390666 | C9: 49.239583
A10: 38504 | B10: 49.76577 | C10: 49.587726
A11: 38596 | B11: 52.445799 | C11: 49.950338
A12: 38687 | B12: 47.526414 | C12: 50.214631
A13: 38777 | B13: 50.297628 | C13: 50.419421
A14: 38869 | B14: 50.955975 | C14: 50.642821
A15: 38961 | B15: 53.516209 | C15: 50.863478
A16: 39052 | B16: 47.99107 | C16: 50.94977
A17: 39142 | B17: 50.934334 | C17: 50.962027
A18: 39234 | B18: 51.592353 | C18: 51.087309
... A93: 46082 | B93: 35.354852 | C93: 35.513959
A95: Source: Department of Climate Change, Energy, the Environment and Water

Sheet Figure 7
A1: ='Figure 1'!A1 -> Quarterly Update of Australia's National Greenhouse Gas Inventory | Figures and Tables for the December Quarter 2025
A2: Click here to return to contents page
A4: Figure7: NEM emissions, by quarter, September 2004 to December 2025 (including preliminary March 2026)
A5: Units: | B5: Million tonnes of carbon dioxide equivalent | C5: Million tonnes of carbon dioxide equivalent
A6: Quarter | B6: Actual emissions | C6: Trend emissions
A7: 38231 | B7: 46.289869 | C7: 43.988408
A8: 38322 | B8: 41.339293 | C8: 44.096147
A9: 38412 | B9: 44.285703 | C9: 44.283913
A10: 38504 | B10: 44.776951 | C10: 44.566289
A11: 38596 | B11: 47.424048 | C11: 44.836461
A12: 38687 | B12: 42.520062 | C12: 45.100977
A13: 38777 | B13: 45.194788 | C13: 45.356515
A14: 38869 | B14: 45.917479 | C14: 45.580441
A15: 38961 | B15: 48.290875 | C15: 45.792711
A16: 39052 | B16: 43.071631 | C16: 45.913592
A17: 39142 | B17: 45.954231 | C17: 45.993103
A18: 39234 | B18: 46.661716 | C18: 46.125767
... A92: 45992 | B92: 26.008356 | C92: 29.167139
B93: 28.891941 | C93: 29.037359
A94: Source: Department of Climate Change, Energy, the Environment and Water

Sheet Figure 8
A1: ='Figure 1'!A1 -> Quarterly Update of Australia's National Greenhouse Gas Inventory | Figures and Tables for the December Quarter 2025
A2: Click here to return to contents page
A4: Figure 8: Change in electricity generation in the NEM (trend), by fuel, by quarter, September 2010 to December 2025 (including preliminary March 2026)
A5: Units: TWh | B5: Terawatt hours | C5: Terawatt hours | D5: Terawatt hours | E5: Terawatt hours | F5: Terawatt hours
A6: Year to | B6: Coal | C6: Gas | D6: Wind | E6: Hydro | F6: Large-scale Solar | G6: Small Solar
A7: 40178 | B7: 0 | C7: 0 | D7: 0 | E7: 0 | F7: 0 | G7: 0
A8: 40268 | B8: -0.7977296 | C8: 0.3364221 | D8: 0.013236189 | E8: 0.16932436 | F8: 0 | G8: 0
A9: 40359 | B9: -2.1865192 | C9: 0.73601218 | D9: 0.0505653 | E9: 0.47288031 | F9: 0 | G9: 0
A10: 40451 | B10: -3.4725303 | C10: 0.98737585 | D10: 0.11016278 | E10: 0.83065276 | F10: 0 | G10: 0
A11: 40543 | B11: -3.8574788 | C11: 0.97497467 | D11: 0.16751956 | E11: 0.97090336 | F11: 0 | G11: 0
A12: 40633 | B12: -3.369739 | C12: 0.7133994 | D12: 0.22041436 | E12: 0.74645772 | F12: 0 | G12: 0
A13: 40724 | B13: -2.5891077 | C13: 0.50077161 | D13: 0.26156641 | E13: 0.32376762 | F13: 0 | G13: 0
A14: 40816 | B14: -2.2801629 | C14: 0.43322698 | D14: 0.30222207 | E14: -0.0079615908 | F14: 0 | G14: 0
A15: 40908 | B15: -2.7843928 | C15: 0.4872253 | D15: 0.34081638 | E15: -0.022992287 | F15: 0 | G15: 0
A16: 40999 | B16: -3.7928653 | C16: 0.6629088 | D16: 0.35995554 | E16: 0.292914 | F16: 0 | G16: 0
A17: 41090 | B17: -4.8106723 | C17: 0.86860857 | D17: 0.37016051 | E17: 0.7065913 | F17: 0 | G17: 0
A18: 41182 | B18: -5.5805843 | C18: 1.0949678 | D18: 0.41371662 | E18: 1.0759754 | F18: 0 | G18: 0
... A72: 46112 | B72: -15.284747 | C72: -3.0486149 | D72: 8.8902353 | E72: 0.52387284 | F72: 4.9272853 | G72: 7.7372306
A75: Note: AEMO data on small solar is available from 2016 onwards.
A76: Source: Australian Energy Market Operator (AEMO, 2025), obtained using NEM-Review software

Sheet Figure 9
A1: ='Figure 1'!A1 -> Quarterly Update of Australia's National Greenhouse Gas Inventory | Figures and Tables for the December Quarter 2025
A2: Click here to return to contents page
A4: Figure 9: Stationary energy excluding electricity emissions and energy industries excluding electricity, by quarter, September 2004 to December 2025
A5: Units: | B5: Million tonnes of carbon dioxide equivalent | C5: Million tonnes of carbon dioxide equivalent
A6: Quarter | B6: Stationary energy excluding electricity - Actual | C6: Stationary energy excluding electricity - Trend
A7: 38231 | B7: 22.168495 | C7: 20.101837
A8: 38322 | B8: 19.270844 | C8: 20.258987
A9: 38412 | B9: 18.055878 | C9: 20.421436
A10: 38504 | B10: 21.718664 | C10: 20.378647
A11: 38596 | B11: 22.189019 | C11: 20.187612
A12: 38687 | B12: 19.126895 | C12: 20.08519
A13: 38777 | B13: 17.822088 | C13: 20.143587
A14: 38869 | B14: 21.363412 | C14: 20.22977
A15: 38961 | B15: 22.492768 | C15: 20.256196
A16: 39052 | B16: 19.490304 | C16: 20.284859
A17: 39142 | B17: 17.772764 | C17: 20.416637
A18: 39234 | B18: 21.661578 | C18: 20.619207
... A92: 45992 | B92: 23.874851 | C92: 24.393912
A95: Source: Department of Climate Change, Energy, the Environment and Water

Sheet Figure 10
A1: ='Figure 1'!A1 -> Quarterly Update of Australia's National Greenhouse Gas Inventory | Figures and Tables for the December Quarter 2025
A2: Click here to return to contents page
A4: Figure 10: LNG exports, by quarter, September 2004 to December 2025
A5: Units: | B5: Millions tonnes
A6: Year | B6: LNG
A7: 38231 | B7: 2.4577346
A8: 38322 | B8: 2.8311526
A9: 38412 | B9: 2.65
A10: 38504 | B10: 2.65
A11: 38596 | B11: 2.844
A12: 38687 | B12: 2.868
A13: 38777 | B13: 3.0033684
A14: 38869 | B14: 3.3138596
A15: 38961 | B15: 3.5091579
A16: 39052 | B16: 3.7938596
A17: 39142 | B17: 3.3155088
A18: 39234 | B18: 3.7137544
... A92: 45992 | B92: 20.124291
A94: Source: Department of Climate Change, Energy, the Environment and Water

Sheet Figure 11
A1: ='Figure 1'!A1 -> Quarterly Update of Australia's National Greenhouse Gas Inventory | Figures and Tables for the December Quarter 2025
A2: Click here to return to contents page
A4: Figure 11: Transport emissions, actual and trend, by quarter, September 2004 to December 2025
A5: Units: | B5: Million tonnes of carbon dioxide equivalent | C5: Million tonnes of carbon dioxide equivalent
A6: Quarter | B6: Transport - Actual | C6: Transport - Trend
A7: 38231 | B7: 20.321232 | C7: 20.340429
A8: 38322 | B8: 21.188092 | C8: 20.409256
A9: 38412 | B9: 19.80219 | C9: 20.490166
A10: 38504 | B10: 20.492376 | C10: 20.567086
A11: 38596 | B11: 20.631415 | C11: 20.638635
A12: 38687 | B12: 21.490895 | C12: 20.709536
A13: 38777 | B13: 20.098388 | C13: 20.803398
A14: 38869 | B14: 20.833641 | C14: 20.925697
A15: 38961 | B15: 21.0809 | C15: 21.057175
A16: 39052 | B16: 21.959716 | C16: 21.173255
A17: 39142 | B17: 20.543739 | C17: 21.278801
A18: 39234 | B18: 21.329405 | C18: 21.392428
... A92: 45992 | B92: 26.276151 | C92: 25.364215
A95: Source: Department of Climate Change, Energy, the Environment and Water

Sheet Figure 12
A1: ='Figure 1'!A1 -> Quarterly Update of Australia's National Greenhouse Gas Inventory | Figures and Tables for the December Quarter 2025
A2: Click here to return to contents page
A4: Figure 12: Consumption of primary liquid fuels, actual and trend, by quarter, June 2005 to December 2025
A5: Units: | B5: Million Litres fuel sold | C5: Million Litres fuel sold | D5: Million Litres fuel sold | E5: Million Litres fuel sold
A6: Quarter | B6: Petrol | C6: Diesel | D6: Petrol - Trend | E6: Diesel - Trend
A7: 38504 | B7: 4846.73 | C7: 3967.683 | D7: 4791.3756 | E7: 3924.7197
A8: 38596 | B8: 4658.9303 | C8: 3756.317 | D8: 4783.9923 | E8: 3925.1422
A9: 38687 | B9: 4894.5536 | C9: 4126.419 | D9: 4768.1922 | E9: 3933.2387
A10: 38777 | B10: 4735.1393 | C10: 3750.888 | D10: 4750.0855 | E10: 3941.1374
A11: 38869 | B11: 4594.2518 | C11: 3967.683 | D11: 4742.5014 | E11: 3956.437
A12: 38961 | B12: 4787.6023 | C12: 3992.026 | D12: 4752.9189 | E12: 4008.7057
A13: 39052 | B13: 4916.5012 | C13: 4277.196 | D13: 4788.1923 | E13: 4089.7379
A14: 39142 | B14: 4799.5388 | C14: 4007.27 | D14: 4833.7396 | E14: 4159.3641
A15: 39234 | B15: 4733.6357 | C15: 4187.859 | D15: 4860.5489 | E15: 4201.9012
A16: 39326 | B16: 4899.5047 | C16: 4278.787 | D16: 4855.3674 | E16: 4253.1366
A17: 39417 | B17: 4948.8567 | C17: 4523.241 | D17: 4824.3056 | E17: 4357.8427
A18: 39508 | B18: 4741.2381 | C18: 4244.058 | D18: 4773.7751 | E18: 4492.2675
... A89: 45992 | B89: 4108.2 | C89: 8783.3 | D89: 3962.695 | E89: 8502.2836
A92: Source: Department of Climate Change, Energy, the Environment and Water

Sheet Figure 13
A1: ='Figure 1'!A1 -> Quarterly Update of Australia's National Greenhouse Gas Inventory | Figures and Tables for the December Quarter 2025
A2: Click here to return to contents page
A4: Figure 13: Fugitive emissions, actual and trend, by sub-sector, by quarter September 2004 to December 2025
A5: Units: | B5: Million tonnes of carbon dioxide equivalent | C5: Million tonnes of carbon dioxide equivalent | D5: Million tonnes of carbon dioxide equivalent | E5: Million tonnes of carbon dioxide equivalent
A6: Quarter | B6: Coal - actual emissions | C6: Oil and natural gas - actual emissions | D6: Coal - trend | E6: Oil and natural gas - trend
A7: 38231 | B7: 7.7746145 | C7: 3.1063397 | D7: 7.6467428 | E7: 2.8475895
A8: 38322 | B8: 7.7086515 | C8: 2.7874004 | D8: 7.7176996 | E8: 2.8698126
A9: 38412 | B9: 7.7576049 | C9: 2.6577627 | D9: 7.81441 | E9: 2.8939189
A10: 38504 | B10: 7.8378646 | C10: 2.9601269 | D10: 7.8799727 | E10: 2.8953909
A11: 38596 | B11: 8.0984305 | C11: 3.1359152 | D11: 7.9167632 | E11: 2.8866381
A12: 38687 | B12: 8.0081999 | C12: 2.8122251 | D12: 7.9417899 | E12: 2.8931296
A13: 38777 | B13: 7.7917459 | C13: 2.6906688 | D13: 8.0128912 | E13: 2.9209812
A14: 38869 | B14: 8.0621468 | C14: 2.9774447 | D14: 8.1547236 | E14: 2.9541002
A15: 38961 | B15: 8.6490488 | C15: 3.2782062 | D15: 8.4028345 | E15: 2.9794213
A16: 39052 | B16: 8.7155049 | C16: 2.9380048 | D16: 8.6681888 | E16: 3.0065003
A17: 39142 | B17: 8.5600644 | C17: 2.7662172 | D17: 8.8347762 | E17: 3.0396026
A18: 39234 | B18: 8.8929435 | C18: 3.1054814 | D18: 8.8134144 | E18: 3.0667061
... A92: 45992 | B92: 6.4554702 | C92: 5.3948439 | D92: 6.3042437 | E92: 5.3692855
A95: Source: Department of Climate Change, Energy, the Environment and Water

Sheet Figure 14
A1: ='Figure 1'!A1 -> Quarterly Update of Australia's National Greenhouse Gas Inventory | Figures and Tables for the December Quarter 2025
A2: Click here to return to contents page
A4: Figure 14: Industrial processes and product use emissions, actual, by sub-sector, by quarter, September 2004 to December 2025
A5: Units: | B5: Million tonnes of carbon dioxide equivalent | C5: Million tonnes of carbon dioxide equivalent | D5: Million tonnes of carbon dioxide equivalent | E5: Million tonnes of carbon dioxide equivalent | F5: Million tonnes of carbon dioxide equivalent
A6: Quarter | B6: Chemical industry | C6: Products substituted for Ozone Depleting Substances | D6: Metal industry | E6: Mineral industry | F6: Other product and lubricant use
A7: 38231 | B7: 1.2720943 | C7: 0.93248028 | D7: 3.4683644 | E7: 1.6330018 | F7: 0.10762286
A8: 38322 | B8: 1.2720943 | C8: 0.93248028 | D8: 3.5020776 | E8: 1.6330018 | F8: 0.10762286
A9: 38412 | B9: 1.2444401 | C9: 0.91220897 | D9: 3.5869629 | E9: 1.5975017 | F9: 0.10528323
A10: 38504 | B10: 1.2582672 | C10: 0.92234463 | D10: 3.663432 | E10: 1.6152517 | F10: 0.10645304
A11: 38596 | B11: 1.4439194 | C11: 1.0356212 | D11: 3.4522437 | E11: 1.6809529 | F11: 0.1032325
A12: 38687 | B12: 1.4439194 | C12: 1.0356212 | D12: 3.3239275 | E12: 1.6809529 | F12: 0.1032325
A13: 38777 | B13: 1.4125299 | C13: 1.0131077 | D13: 3.2835095 | E13: 1.6444104 | F13: 0.10098831
A14: 38869 | B14: 1.4282247 | C14: 1.0243645 | D14: 3.3923636 | E14: 1.6626816 | F14: 0.1021104
A15: 38961 | B15: 1.6144909 | C15: 1.1862648 | D15: 3.5135256 | E15: 1.7607222 | F15: 0.097241139
A16: 39052 | B16: 1.6144909 | C16: 1.1862648 | D16: 3.4979842 | E16: 1.7607222 | F16: 0.097241139
A17: 39142 | B17: 1.5793933 | C17: 1.1604764 | D17: 3.4485734 | E17: 1.7224456 | F17: 0.095127201
A18: 39234 | B18: 1.5969421 | C18: 1.1733706 | D18: 3.4845721 | E18: 1.7415839 | F18: 0.09618417
... A92: 45992 | B92: 1.0610746 | C92: 2.7932278 | D92: 2.690832 | E92: 1.2783416 | F92: 0.076789604
A95: Source: Department of Climate Change, Energy, the Environment and Water

Sheet Figure 15
A1: ='Figure 1'!A1 -> Quarterly Update of Australia's National Greenhouse Gas Inventory | Figures and Tables for the December Quarter 2025
A2: Click here to return to contents page
A4: Figure 15: Agriculture emissions, actual and trend, by quarter, September 2004 to December 2025
A5: Units: | B5: Million tonnes of carbon dioxide equivalent | C5: Million tonnes of carbon dioxide equivalent
A6: Quarter | B6: Agriculture emissions (actual) | C6: Agriculture emissions (trend)
A7: 38231 | B7: 20.852907 | C7: 20.780986
A8: 38322 | B8: 20.852907 | C8: 20.720417
A9: 38412 | B9: 20.399583 | C9: 20.635793
A10: 38504 | B10: 20.626245 | C10: 20.554337
A11: 38596 | B11: 20.531213 | C11: 20.502689
A12: 38687 | B12: 20.531213 | C12: 20.441771
A13: 38777 | B13: 20.084883 | C13: 20.294167
A14: 38869 | B14: 20.308048 | C14: 20.05987
A15: 38961 | B15: 19.674798 | C15: 19.791931
A16: 39052 | B16: 19.674798 | C16: 19.584186
A17: 39142 | B17: 19.247085 | C17: 19.429434
A18: 39234 | B18: 19.460941 | C18: 19.247471
... A92: 45992 | B92: 19.091937 | C92: 18.926983
A95: Source: Department of Climate Change, Energy, the Environment and Water

Sheet Figure 16
A1: ='Figure 1'!A1 -> Quarterly Update of Australia's National Greenhouse Gas Inventory | Figures and Tables for the December Quarter 2025
A2: Click here to return to contents page
A4: Figure 16: Waste emissions, actual, by sub-sector, by quarter, September 2004 to December 2025
A5: Units: | B5: Million tonnes of carbon dioxide equivalent | C5: Million tonnes of carbon dioxide equivalent | D5: Million tonnes of carbon dioxide equivalent
A6: Quarter | B6: Solid waste disposal on land | C6: Wastewater handling | D6: Incineration and biological treatment of solid waste
A7: 40238 | B7: 2.8382288 | C7: 0.85472939 | D7: 0.060299139
A8: 38231 | B8: 3.0970939 | C8: 0.83115019 | D8: 0.04387858
A9: 38322 | B9: 3.0970939 | C9: 0.83115019 | D9: 0.04387858
A10: 38412 | B10: 3.0297658 | C10: 0.8130817 | D10: 0.042924698
A11: 38504 | B11: 3.0634298 | C11: 0.82211594 | D11: 0.043401639
A12: 38596 | B12: 3.0226032 | C12: 0.84019545 | D12: 0.04676029
A13: 38687 | B13: 3.0226032 | C13: 0.84019545 | D13: 0.04676029
A14: 38777 | B14: 2.9568944 | C14: 0.82193033 | D14: 0.045743762
A15: 38869 | B15: 2.9897488 | C15: 0.83106289 | D15: 0.046252026
A16: 38961 | B16: 3.107341 | C16: 0.85323794 | D16: 0.049048882
A17: 39052 | B17: 3.107341 | C17: 0.85323794 | D17: 0.049048882
A18: 39142 | B18: 3.0397901 | C18: 0.83468929 | D18: 0.047982602
... A93: 45992 | B93: 2.5286232 | C93: 0.78673669 | D93: 0.084054933
A96: Source: Department of Climate Change, Energy, the Environment and Water

Sheet Figure 17
A1: ='Figure 1'!A1 -> Quarterly Update of Australia's National Greenhouse Gas Inventory | Figures and Tables for the December Quarter 2025
A2: Click here to return to contents page
A4: Figure 17: LULUCF net anthropogenic emissions, by sub-sector, from year to December 2025
A5: Units: | B5: Million tonnes of carbon dioxide equivalent | C5: Million tonnes of carbon dioxide equivalent | D5: Million tonnes of carbon dioxide equivalent | E5: Million tonnes of carbon dioxide equivalent | F5: Million tonnes of carbon dioxide equivalent | G5: Million tonnes of carbon dioxide equivalent
A6: Quarter Period | B6: Forest land converted to other uses (Cropland, Grassland, Settlements, and Wetland) | C6: Cropland remaining cropland | D6: Land Remaining Land (Grassland, Settlements, and Wetland) | E6: Land converted to forest | F6: Forest remaining forest | G6: Harvested Wood Products
A7: 38687 | B7: 100.54722 | C7: 5.7663839 | D7: 28.626787 | E7: -21.301492 | F7: -13.303337 | G7: -7.7153514
A8: 39052 | B8: 96.833743 | C8: 5.7161629 | D8: 31.970513 | E8: -22.922744 | F8: -9.2045054 | G8: -6.9787532
A9: 39417 | B9: 79.955476 | C9: 4.637609 | D9: 21.140896 | E9: -21.88561 | F9: -1.290507 | G9: -6.3996115
A10: 39783 | B10: 64.275132 | C10: 3.7254847 | D10: 16.952697 | E10: -23.386925 | F10: 9.8840756 | G10: -5.4699698
A11: 40148 | B11: 58.169773 | C11: 3.3358783 | D11: 17.952075 | E11: -25.619948 | F11: 15.818868 | G11: -4.3431707
A12: 40513 | B12: 53.690761 | C12: 2.9972488 | D12: 14.369946 | E12: -35.754742 | F12: 21.011728 | G12: -4.3310216
A13: 40878 | B13: 39.281754 | C13: 1.6691532 | D13: 7.8292035 | E13: -38.529927 | F13: 16.028054 | G13: -4.2224043
A14: 41244 | B14: 45.673374 | C14: -1.6548105 | D14: 2.8940446 | E14: -31.022854 | F14: 1.8927565 | G14: -3.9302299
A15: 41609 | B15: 57.034254 | C15: -4.1425496 | D15: 4.3868626 | E15: -32.582755 | F15: -7.2732375 | G15: -3.8358725
A16: 41974 | B16: 50.957413 | C16: -4.3897431 | D16: 6.3526818 | E16: -34.239896 | F16: -13.283987 | G16: -3.857279
A17: 42339 | B17: 37.11786 | C17: -4.5100998 | D17: 4.3988312 | E17: -38.130046 | F17: -25.554419 | G17: -4.0822553
A18: 42705 | B18: 41.002641 | C18: -4.4386443 | D18: 5.3743305 | E18: -43.834111 | F18: -34.951074 | G18: -4.1684896
... A27: 45992 | B27: 21.572592 | C27: -7.4261856 | D27: -0.55766273 | E27: -39.826541 | F27: -20.505911 | G27: -5.2578991
A30: Source: Department of Climate Change, Energy, the Environment and Water

Sheet Figure 18
A1: ='Figure 1'!A1 -> Quarterly Update of Australia's National Greenhouse Gas Inventory | Figures and Tables for the December Quarter 2025
A2: Click here to return to contents page
A4: Figure 18: Emissions per capita and per dollar of real GDP, by quarter, September 2004 to December 2025
A5: Units: | B5: tonnes of carbon dioxide equivalent per person | C5: kilograms of carbon dioxide equivalent per dollar of real GDP
A6: Quarter | B6: Emissions per capita (trend) | C6: Emissions per dollar of real GDP - trend (RHS)
A7: 38231 | B7: 7.5841356 | C7: 0.37146057
A8: 38322 | B8: 7.577285 | C8: 0.3699974
A9: 38412 | B9: 7.6081756 | C9: 0.36970475
A10: 38504 | B10: 7.6997608 | C10: 0.3720672
A11: 38596 | B11: 7.8216866 | C11: 0.37640805
A12: 38687 | B12: 7.9068264 | C12: 0.379738
A13: 38777 | B13: 7.9042092 | C13: 0.3793066
A14: 38869 | B14: 7.8181454 | C14: 0.37442548
A15: 38961 | B15: 7.7025567 | C15: 0.36681339
A16: 39052 | B16: 7.6079315 | C16: 0.35935822
A17: 39142 | B17: 7.5433319 | C17: 0.35378237
A18: 39234 | B18: 7.4855883 | C18: 0.34918951
... A92: 45992 | B92: 4.143172 | C92: 0.16687423
A94: Sources:
A95: Australian Bureau of Statistics (2025), Australian Demographic Statistics, pub. no. 3101 http://www.abs.gov.au/ausstats/abs@.nsf/mf/3101.0
A96: Australian Bureau of Statistics (2025), Population Clock. http://www.abs.gov.au/AUSSTATS/abs@.nsf/Web+Pages/Population+Clock
A97: Australian Bureau of Statistics (2025), National Accounts: National Income, Expenditure and Product, Cat. No. 5206.0
A98: http://www.abs.gov.au/ausstats/abs@.nsf/mf/5206.0

Sheet Figure ST1
A1: ='Figure 1'!A1 -> Quarterly Update of Australia's National Greenhouse Gas Inventory | Figures and Tables for the December Quarter 2025
A2: Click here to return to contents page
A4: Figure ST1: Total cleared area, Australia, 1989-90 to 2023-24
B6: Primary Forest Conversion | C6: Secondary Forest Reclearing | D6: Total area cleared
A7: 1989-90 | B7: 597.53584 | C7: 322.71233 | D7: =SUM(B7:C7) -> 920.24817
A8: 1990-91 | B8: 481.84691 | C8: 353.28285 | D8: =SUM(B8:C8) -> 835.12975
A9: 1991-92 | B9: 379.4917 | C9: 393.13091 | D9: =SUM(B9:C9) -> 772.62261
A10: 1992-93 | B10: 269.50596 | C10: 313.65371 | D10: =SUM(B10:C10) -> 583.15967
A11: 1993-94 | B11: 274.46718 | C11: 337.25952 | D11: =SUM(B11:C11) -> 611.72669
A12: 1994-95 | B12: 219.64996 | C12: 259.63663 | D12: =SUM(B12:C12) -> 479.28659
A13: 1995-96 | B13: 224.7627 | C13: 294.1582 | D13: =SUM(B13:C13) -> 518.9209
A14: 1996-97 | B14: 223.26333 | C14: 286.10692 | D14: =SUM(B14:C14) -> 509.37026
A15: 1997-98 | B15: 226.1475 | C15: 302.84944 | D15: =SUM(B15:C15) -> 528.99694
A16: 1998-99 | B16: 263.38996 | C16: 379.86755 | D16: =SUM(B16:C16) -> 643.25751
A17: 1999-00 | B17: 271.26218 | C17: 347.30504 | D17: =SUM(B17:C17) -> 618.56722
A18: 2000-01 | B18: 315.17 | C18: 400.87881 | D18: =SUM(B18:C18) -> 716.04881
... A41: 2023-24 | B41: 21.587403 | C41: 164.57221 | D41: =SUM(B41:C41) -> 186.15961

Sheet Figure ST2
A1: ='Figure 1'!A1 -> Quarterly Update of Australia's National Greenhouse Gas Inventory | Figures and Tables for the December Quarter 2025
A2: Click here to return to contents page
A4: Figure ST2: Disaggregated emissions associated with forest conversions
B6: A: Direct emissions from primary clearing | C6: B: Direct emissions from reclearing | D6: C: All other emissions on lands with a history of clearing
A7: 1989-90 | B7: 118.20053 | C7: 9.741403 | D7: 45.133507
A8: 1990-91 | B8: 104.66403 | C8: 9.7644109 | D8: 39.124668
A9: 1991-92 | B9: 71.826512 | C9: 9.2333789 | D9: 38.151818
A10: 1992-93 | B10: 57.749781 | C10: 8.3588929 | D10: 37.014451
A11: 1993-94 | B11: 48.691541 | C11: 8.5303559 | D11: 26.60472
A12: 1994-95 | B12: 44.238582 | C12: 8.3038515 | D12: 22.466349
A13: 1995-96 | B13: 36.585302 | C13: 7.0585657 | D13: 22.779311
A14: 1996-97 | B14: 39.405358 | C14: 8.7731014 | D14: 23.350929
A15: 1997-98 | B15: 37.030548 | C15: 9.3287973 | D15: 19.421019
A16: 1998-99 | B16: 42.081977 | C16: 11.245123 | D16: 26.291657
A17: 1999-00 | B17: 43.38164 | C17: 12.908861 | D17: 18.321396
A18: 2000-01 | B18: 45.131586 | C18: 13.414819 | D18: 32.258798
... A39: 2021-22 | B39: 5.8591248 | C39: 8.5932349 | D39: -8.5786488
A40: 2022-23 | B40: 5.8591248 | C40: 8.5932349 | D40: =25301/1000 -> 25.301
A41: 2023-24 | B41: 5.8591248 | C41: 8.5932349 | D41: =12852/1000 -> 12.852

Sheet Figure ST3
A1: ='Figure 1'!A1 -> Quarterly Update of Australia's National Greenhouse Gas Inventory | Figures and Tables for the December Quarter 2025
A2: Click here to return to contents page
A4: Figure ST3: Net emissions from regrowth and regenerating forest
B6: Emissions | D6: Cumulative Area
B7: Actual | C7: Trend
B8: Net emissions from regrowth and regenerating forest (actual) | C8: Net emissions from regrowth and regenerating forest (trend) | D8: Cumulative area of regrowth and regenerating forest
A9: 1989-90 | B9: -3.5712665 | C9: -4.1552106 | D9: 3010.3634
A10: 1990-91 | B10: -4.005905 | C10: -4.4699592 | D10: 3596.2329
A11: 1991-92 | B11: -4.8884602 | C11: -4.3812609 | D11: 4061.2711
A12: 1992-93 | B12: -5.4142051 | C12: -5.263838 | D12: 4429.0551
A13: 1993-94 | B13: -4.0264677 | C13: -5.909773 | D13: 4747.2441
A14: 1994-95 | B14: -7.984152 | C14: -7.0175198 | D14: 5084.6557
A15: 1995-96 | B15: -7.2355799 | C15: -7.9791269 | D15: 5337.853
A16: 1996-97 | B16: -10.427194 | C16: -9.7225798 | D16: 5595.7281
A17: 1997-98 | B17: -10.222241 | C17: -11.089959 | D17: 5828.7228
A18: 1998-99 | B18: -12.743732 | C18: -11.212152 | D18: 6050.5992
A19: 1999-00 | B19: -14.82105 | C19: -10.618012 | D19: 6300.5337
A20: 2000-01 | B20: -7.8465438 | C20: -9.9836314 | D20: 6453.4794
... A43: 2023-24 | B43: -28.097476 | C43: -32.542113 | D43: 13813.612

Sheet Figure ST4
A1: ='Figure 1'!A1 -> Quarterly Update of Australia's National Greenhouse Gas Inventory | Figures and Tables for the December Quarter 2025
A2: Click here to return to contents page
A4: Figure ST4: Harvest Area and Net Emissions in Harvested Native Forests
B6: Area Harvested (ha) | C6: Net Emissions (Mt CO2-e) | D6: Emissions Trend (Mt CO2-e)
A7: 1989-90 | B7: 166858.45 | C7: -5.7099122 | D7: =AVERAGE(C7:C11) -> -9.5376999
A8: 1990-91 | B8: 146612.1 | C8: -7.3231027 | D8: =AVERAGE(C7:C12) -> -8.6603272
A9: 1991-92 | B9: 189219.64 | C9: -14.146867 | D9: =AVERAGE(C7:C13) -> -8.9300875
A10: 1992-93 | B10: 188900.63 | C10: -16.329292 | D10: =AVERAGE(C7:C14) -> -9.7396061
A11: 1993-94 | B11: 180305.59 | C11: -4.1793267 | D11: =AVERAGE(C7:C15) -> -9.2208246
A12: 1994-95 | B12: 179159.96 | C12: -4.2734633 | D12: =AVERAGE(C8:C16) -> -10.008898
A13: 1995-96 | B13: 166306.58 | C13: -10.54865 | D13: =AVERAGE(C9:C17) -> -9.7017184
A14: 1996-97 | B14: 134842.24 | C14: -15.406236 | D14: =AVERAGE(C10:C18) -> -9.0828706
A15: 1997-98 | B15: 142707.37 | C15: -5.0705732 | D15: =AVERAGE(C11:C19) -> -9.0761603
A16: 1998-99 | B16: 116485.75 | C16: -12.802573 | D16: =AVERAGE(C12:C20) -> -10.834037
A17: 1999-00 | B17: 103576.1 | C17: -4.5584863 | D17: =AVERAGE(C13:C21) -> -12.960349
A18: 2000-01 | B18: 123697.88 | C18: -8.5772362 | D18: =AVERAGE(C14:C22) -> -14.242493
A19: 2001-02 | B19: 106103.36 | C19: -16.268899 | D19: =AVERAGE(C15:C23) -> -15.064149
A20: 2002-03 | B20: 93705.512 | C20: -20.000216 | D20: =AVERAGE(C16:C24) -> -16.951623
A21: 2003-04 | B21: 108925.91 | C21: -23.410275 | D21: =AVERAGE(C17:C25) -> -17.912815
A22: 2004-05 | B22: 111693.94 | C22: -22.087939 | D22: =AVERAGE(C18:C26) -> -18.419496
... A37: 2019-20 | B37: 42915.765 | C37: -33.954415 | D37: =AVERAGE(C33:C41) -> -35.627981
A38: 2020-21 | B38: 33376.877 | C38: -34.122776 | D38: =AVERAGE(C34:C41) -> -35.282274
A39: 2021-22 | B39: 38538.638 | C39: -28.031542 | D39: =AVERAGE(C35:C41) -> -34.390408
A40: 2022-23 | B40: 31756.899 | C40: -28.465062 | D40: =AVERAGE(C36:C41) -> -32.269228
A41: 2023-24 | B41: 27843.756 | C41: -30.777373 | D41: =AVERAGE(C37:C41) -> -31.070233

Sheet Figure ST5
A1: ='Figure 1'!A1 -> Quarterly Update of Australia's National Greenhouse Gas Inventory | Figures and Tables for the December Quarter 2025
A2: Click here to return to contents page
A4: Figure ST5: Net emissions from savanna fire management in ACCU project areas and non-project areas
B7: Non-Project Areas | E7: Project Areas
A8: Year | B8: Annual Emissions | C8: Average, 1993-2012 | D8: Average, 2013-2024 | E8: Annual Emissions | F8: Average, 1993-2012 | G8: Average, 2013-2024
A9: 1988 | B9: -3117.6153 | E9: -6583.9714
A10: 1989 | B10: 9592.3034 | E10: 10378.756
A11: 1990 | B11: 8008.0999 | E11: 33150.625
A12: 1991 | B12: 9497.7558 | E12: 21028.744
A13: 1992 | B13: 4789.8816 | E13: 24566.483
A14: 1993 | B14: -3769.944 | C14: 13048.887 | E14: 6806.7859 | F14: 12766.159
A15: 1994 | B15: -4873.9308 | C15: 13048.887 | E15: 4242.8028 | F15: 12766.159
A16: 1995 | B16: 30199.39 | C16: 13048.887 | E16: 22361.411 | F16: 12766.159
A17: 1996 | B17: 18282.365 | C17: 13048.887 | E17: 3377.2938 | F17: 12766.159
A18: 1997 | B18: 18531.417 | C18: 13048.887 | E18: 27178.58 | F18: 12766.159
A19: 1998 | B19: 32654.297 | C19: 13048.887 | E19: 27307.529 | F19: 12766.159
A20: 1999 | B20: 3430.141 | C20: 13048.887 | E20: -4488.057 | F20: 12766.159
A21: 2000 | B21: 21114.01 | C21: 13048.887 | E21: 23835.583 | F21: 12766.159
A22: 2001 | B22: 12791.95 | C22: 13048.887 | E22: 7560.0135 | F22: 12766.159
A23: 2002 | B23: 35890.384 | C23: 13048.887 | E23: 28903.149 | F23: 12766.159
A24: 2003 | B24: -10154.415 | C24: 13048.887 | E24: 2917.6837 | F24: 12766.159
A25: 2004 | B25: 6298.5665 | C25: 13048.887 | E25: 17337.933 | F25: 12766.159
... A33: 2012 | B33: 27968.413 | C33: 13048.887 | E33: 17168.057 | F33: 12766.159
A34: 2013 | B34: 46151.542 | D34: 10661.646 | E34: 13478.145 | G34: 130.96366
A35: 2014 | B35: -13139.481 | D35: 10661.646 | E35: -7289.1912 | G35: 130.96366
A36: 2015 | B36: 22885.06 | D36: 10661.646 | E36: 24798.517 | G36: 130.96366
A37: 2016 | B37: -3218.8814 | D37: 10661.646 | E37: -11794.166 | G37: 130.96366
A38: 2017 | B38: 13050.372 | D38: 10661.646 | E38: 2096.8847 | G38: 130.96366
A39: 2018 | B39: 1384.2734 | D39: 10661.646 | E39: -10904.078 | G39: 130.96366
A40: 2019 | B40: -1578.2465 | D40: 10661.646 | E40: -11897.414 | G40: 130.96366
A41: 2020 | B41: 628.55022 | D41: 10661.646 | E41: 4387.2303 | G41: 130.96366
A42: 2021 | B42: -6347.7397 | D42: 10661.646 | E42: -4678.1802 | G42: 130.96366
A43: 2022 | B43: 7483.4625 | D43: 10661.646 | E43: -6707.8583 | G43: 130.96366
A44: 2023 | B44: 9210.659 | D44: 10661.646 | E44: -2751.028 | G44: 130.96366
A45: 2024 | B45: 51430.179 | D45: 10661.646 | E45: 12832.702 | G45: 130.96366

Sheet Data Table 1A
A1: ='Figure 1'!A1 -> Quarterly Update of Australia's National Greenhouse Gas Inventory | Figures and Tables for the December Quarter 2025
A2: Click here to return to contents page
A4: Data Table 1A: Actual emissions (Mt), by sector, by quarter, since 2004-05 (including preliminary March 2026)
A5: Year | B5: Quarter | C5: Energy | G5: Industrial Processes and Product Use | H5: Agriculture | I5: Waste | J5: Land Use, Land Use Change and Forestry (LULUCF) | K5: National Inventory Total
C6: Electricity | D6: Stationary Energy excl. electricity | E6: Transport | F6: Fugitive Emissions
A7: 2004-05 | B7: 38231 | C7: 51.242025 | D7: 22.168495 | E7: 20.321232 | F7: 10.880954 | G7: 7.4771329 | H7: 20.852907 | I7: 3.9721227 | J7: 19.365831 | K7: 156.2807
B8: 38322 | C8: 46.275027 | D8: 19.270844 | E8: 21.188092 | F8: 10.496052 | G8: 7.5108461 | H8: 20.852907 | I8: 3.9721227 | J8: 19.365831 | K8: 148.93172
B9: 38412 | C9: 49.390666 | D9: 18.055878 | E9: 19.80219 | F9: 10.415368 | G9: 7.5085842 | H9: 20.399583 | I9: 3.8857722 | J9: 18.944835 | K9: 148.40287
B10: 38504 | C10: 49.76577 | D10: 21.718664 | E10: 20.492376 | F10: 10.797992 | G10: 7.6286269 | H10: 20.626245 | I10: 3.9289474 | J10: 19.155333 | K10: 154.11395
A11: 2005-06 | B11: 38596 | C11: 52.445799 | D11: 22.189019 | E11: 20.631415 | F11: 11.234346 | G11: 7.777094 | H11: 20.531213 | I11: 3.9095589 | J11: 27.260022 | K11: 165.97847
B12: 38687 | C12: 47.526414 | D12: 19.126895 | E12: 21.490895 | F12: 10.820425 | G12: 7.6487778 | H12: 20.531213 | I12: 3.9095589 | J12: 27.260022 | K12: 158.3142
B13: 38777 | C13: 50.297628 | D13: 17.822088 | E13: 20.098388 | F13: 10.482415 | G13: 7.5143413 | H13: 20.084883 | I13: 3.8245685 | J13: 26.667413 | K13: 156.79172
B14: 38869 | C14: 50.955975 | D14: 21.363412 | E14: 20.833641 | F14: 11.039591 | G14: 7.6702046 | H14: 20.308048 | I14: 3.8670637 | J14: 26.963717 | K14: 163.00165
A15: 2006-07 | B15: 38961 | C15: 53.516209 | D15: 22.492768 | E15: 21.0809 | F15: 11.927255 | G15: 8.2291775 | H15: 19.674798 | I15: 4.0096278 | J15: 20.891643 | K15: 161.82238
B16: 39052 | C16: 47.99107 | D16: 19.490304 | E16: 21.959716 | F16: 11.65351 | G16: 8.2136361 | H16: 19.674798 | I16: 4.0096278 | J16: 20.891643 | K16: 153.8843
B17: 39142 | C17: 50.934334 | D17: 17.772764 | E17: 20.543739 | F17: 11.326282 | G17: 8.0617111 | H17: 19.247085 | I17: 3.922462 | J17: 20.437477 | K17: 152.24585
B18: 39234 | C18: 51.592353 | D18: 21.661578 | E18: 21.329405 | F18: 11.998425 | G18: 8.1489669 | H18: 19.460941 | I18: 3.9660449 | J18: 20.66456 | K18: 158.82227
A19: 2007-08 | B19: 39326 | C19: 53.730104 | D19: 23.290352 | E19: 21.531245 | F19: 12.254246 | G19: 8.2265138 | H19: 18.949299 | I19: 4.1300678 | J19: 17.528107 | K19: 159.63993
B20: 39417 | C20: 48.311551 | D20: 20.108882 | E20: 22.413682 | F20: 11.406277 | G20: 8.1689034 | H20: 18.949299 | I20: 4.1300678 | J20: 17.528107 | K20: 151.01677
B21: 39508 | C21: 51.69329 | D21: 18.043219 | E21: 20.983448 | F21: 10.57237 | G21: 8.1039057 | H21: 18.743329 | I21: 4.0851758 | J21: 17.337584 | K21: 149.56232
B22: 39600 | C22: 52.137519 | D22: 22.362335 | E22: 21.829503 | F22: 11.94591 | G22: 8.1683492 | H22: 18.743329 | I22: 4.0851758 | J22: 17.337584 | K22: 156.60971
A23: 2008-09 | B23: 39692 | C23: 54.995352 | D23: 23.719932 | E23: 21.547032 | F23: 11.867949 | G23: 8.4346447 | H23: 18.99531 | I23: 4.0975979 | J23: 15.652663 | K23: 159.31048
B24: 39783 | C24: 49.255498 | D24: 20.298289 | E24: 22.456945 | F24: 11.60154 | G24: 8.0530253 | H24: 18.99531 | I24: 4.0975979 | J24: 15.652663 | K24: 150.41087
B25: 39873 | C25: 53.506099 | D25: 17.264348 | E25: 21.038195 | F25: 10.757747 | G25: 6.945787 | H25: 18.582368 | I25: 4.0085197 | J25: 15.312387 | K25: 147.41545
B26: 39965 | C26: 53.643344 | D26: 21.417432 | E26: 21.900181 | F26: 11.666678 | G26: 7.019859 | H26: 18.788839 | I26: 4.0530588 | J26: 15.482525 | K26: 153.97192
A27: 2009-10 | B27: 40057 | C27: 53.244302 | D27: 22.737937 | E27: 21.892869 | F27: 11.571269 | G27: 8.1178972 | H27: 18.36236 | I27: 4.0604292 | J27: 17.259282 | K27: 157.24634
B28: 40148 | C28: 47.876542 | D28: 19.890681 | E28: 22.833747 | F28: 11.452366 | G28: 8.411521 | H28: 18.36236 | I28: 4.0604292 | J28: 17.259282 | K28: 150.14693
B29: 40238 | C29: 51.85236 | D29: 18.165504 | E29: 21.399929 | F29: 10.753279 | G29: 8.4795355 | H29: 17.963178 | I29: 3.972159 | J29: 16.88408 | K29: 149.47002
B30: 40330 | C30: 51.881018 | D30: 22.273724 | E30: 22.294258 | F30: 11.718422 | G30: 8.4872153 | H30: 18.162769 | I30: 4.0162941 | J30: 17.071681 | K30: 155.90538
A31: 2010-11 | B31: 40422 | C31: 51.438638 | D31: 23.600665 | E31: 22.49867 | F31: 11.856725 | G31: 8.6561495 | H31: 19.490633 | I31: 3.9454431 | J31: 9.0140795 | K31: 150.501
B32: 40513 | C32: 46.705505 | D32: 20.455199 | E32: 23.481361 | F32: 10.840698 | G32: 8.7086681 | H32: 19.490633 | I32: 3.9454431 | J32: 9.0140795 | K32: 142.64159
B33: 40603 | C33: 50.231811 | D33: 18.714754 | E33: 22.015765 | F33: 10.125007 | G33: 8.5455754 | H33: 19.066924 | I33: 3.8596726 | J33: 8.8181213 | K33: 141.37763
B34: 40695 | C34: 50.028126 | D34: 22.683353 | E34: 22.979212 | F34: 11.193039 | G34: 8.3989252 | H34: 19.278779 | I34: 3.9025578 | J34: 8.9161004 | K34: 147.38009
A35: 2011-12 | B35: 40787 | C35: 51.064326 | D35: 24.665993 | E35: 23.010716 | F35: 11.635744 | G35: 8.6346954 | H35: 19.721091 | I35: 3.6005821 | J35: 2.1608059 | K35: 144.49395
B36: 40878 | C36: 48.612086 | D36: 20.841839 | E36: 23.311448 | F36: 11.437924 | G36: 7.8552057 | H36: 19.721091 | I36: 3.6005821 | J36: 2.1608059 | K36: 137.54098
B37: 40969 | C37: 50.620987 | D37: 19.370975 | E37: 22.454399 | F37: 10.558388 | G37: 7.7711681 | H37: 19.506731 | I37: 3.5614453 | J37: 2.1373189 | K37: 135.98141
B38: 41061 | C38: 48.740674 | D38: 22.87897 | E38: 22.711749 | F38: 11.371564 | G38: 7.7013325 | H38: 19.506731 | I38: 3.5614453 | J38: 2.1373189 | K38: 138.60978
A39: 2012-13 | B39: 41153 | C39: 47.086834 | D39: 25.312038 | E39: 23.136978 | F39: 11.658853 | G39: 7.5351058 | H39: 19.864662 | I39: 3.4954726 | J39: 4.7888214 | K39: 142.87876
B40: 41244 | C40: 45.594609 | D40: 22.325609 | E40: 23.763886 | F40: 11.560004 | G40: 7.5228865 | H40: 19.864662 | I40: 3.4954726 | J40: 4.7888214 | K40: 138.91595
B41: 41334 | C41: 47.187986 | D41: 20.295867 | E41: 22.725199 | F41: 10.81623 | G41: 7.3281374 | H41: 19.432822 | I41: 3.419484 | J41: 4.6847166 | K41: 135.89044
B42: 41426 | C42: 47.097459 | D42: 24.452336 | E42: 23.181682 | F42: 11.876088 | G42: 7.3917597 | H42: 19.648742 | I42: 3.4574783 | J42: 4.736769 | K42: 141.84231
A43: 2013-14 | B43: 41518 | C43: 44.464655 | D43: 25.364612 | E43: 23.4741 | F43: 11.208509 | G43: 7.5366322 | H43: 19.929437 | I43: 3.4107216 | J43: 2.0826085 | K43: 137.47128
B44: 41609 | C44: 43.951629 | D44: 23.114482 | E44: 23.801832 | F44: 10.801912 | G44: 7.535511 | H44: 19.929437 | I44: 3.4107216 | J44: 2.0826085 | K44: 134.62813
B45: 41699 | C45: 46.849082 | D45: 21.377784 | E45: 22.5277 | F45: 10.763711 | G45: 7.3053988 | H45: 19.496188 | I45: 3.3365755 | J45: 2.0373344 | K45: 133.69377
B46: 41791 | C46: 45.461775 | D46: 23.352531 | E46: 22.950164 | F46: 10.950108 | G46: 7.381729 | H46: 19.712812 | I46: 3.3736486 | J46: 2.0599714 | K46: 135.24274
A47: 2014-15 | B47: 41883 | C47: 47.431908 | D47: 24.624463 | E47: 23.825654 | F47: 12.584803 | G47: 7.6816054 | H47: 19.193831 | I47: 3.548673 | J47: -1.2790579 | K47: 137.61188
B48: 41974 | C48: 46.569012 | D48: 20.548341 | E48: 24.333516 | F48: 12.166047 | G48: 7.6699391 | H48: 19.193831 | I48: 3.548673 | J48: -1.2790579 | K48: 132.7503
B49: 42064 | C49: 47.744424 | D49: 19.995776 | E49: 23.320566 | F49: 11.591546 | G49: 7.5559613 | H49: 18.776574 | I49: 3.471528 | J49: -1.2512523 | K49: 131.20512
B50: 42156 | C50: 47.214016 | D50: 23.771047 | E50: 23.376157 | F50: 12.711001 | G50: 7.6297481 | H50: 18.985202 | I50: 3.5101005 | J50: -1.2651551 | K50: 135.93212
A51: 2015-16 | B51: 42248 | C51: 49.256563 | D51: 24.095743 | E51: 24.144358 | F51: 12.924324 | G51: 7.7213448 | H51: 18.79146 | I51: 3.6592958 | J51: -14.121861 | K51: 126.47123
B52: 42339 | C52: 47.808779 | D52: 21.838888 | E52: 24.588547 | F52: 12.992616 | G52: 7.7181675 | H52: 18.79146 | I52: 3.6592958 | J52: -14.121861 | K52: 123.27589
B53: 42430 | C53: 49.508531 | D53: 20.493282 | E53: 23.647063 | F53: 12.004126 | G53: 7.579637 | H53: 18.587205 | I53: 3.6195209 | J53: -13.968362 | K53: 121.471
B54: 42522 | C54: 48.162249 | D54: 23.398506 | E54: 23.457003 | F54: 12.711877 | G54: 7.583129 | H54: 18.587205 | I54: 3.6195209 | J54: -13.968362 | K54: 123.55113
A55: 2016-17 | B55: 42614 | C55: 48.047517 | D55: 24.198994 | E55: 23.710368 | F55: 14.204694 | G55: 7.9314024 | H55: 19.929555 | I55: 3.6189378 | J55: -6.5393115 | K55: 135.10216
B56: 42705 | C56: 44.209035 | D56: 23.502267 | E56: 24.750762 | F56: 14.066999 | G56: 7.9034172 | H56: 19.929555 | I56: 3.6189378 | J56: -6.5393115 | K56: 131.44166
B57: 42795 | C57: 48.71681 | D57: 21.892646 | E57: 24.263822 | F57: 12.712693 | G57: 7.6531232 | H57: 19.496304 | I57: 3.5402652 | J57: -6.3971525 | K57: 131.87851
B58: 42887 | C58: 48.80694 | D58: 24.243295 | E58: 24.714801 | F58: 13.032799 | G58: 7.7222438 | H58: 19.71293 | I58: 3.5796015 | J58: -6.468232 | K58: 135.34438
A59: 2017-18 | B59: 42979 | C59: 46.288308 | D59: 26.062557 | E59: 24.875451 | F59: 15.3112 | G59: 7.9126015 | H59: 19.686901 | I59: 3.3167766 | J59: -14.04972 | K59: 129.40407
B60: 43070 | C60: 44.821734 | D60: 23.89957 | E60: 25.311064 | F60: 14.091164 | G60: 7.9219293 | H60: 19.686901 | I60: 3.3167766 | J60: -14.04972 | K60: 124.99942
B61: 43160 | C61: 46.528319 | D61: 21.973501 | E61: 24.485151 | F61: 13.54867 | G61: 7.8593893 | H61: 19.258925 | I61: 3.2446727 | J61: -13.744291 | K61: 123.15434
B62: 43252 | C62: 45.695837 | D62: 25.268792 | E62: 25.068081 | F62: 14.370002 | G62: 8.0939841 | H62: 19.472913 | I62: 3.2807247 | J62: -13.897005 | K62: 127.35333
A63: 2018-19 | B63: 43344 | C63: 45.357692 | D63: 27.256465 | E63: 25.049909 | F63: 15.079736 | G63: 8.3039042 | H63: 18.184858 | I63: 3.3509541 | J63: -15.416691 | K63: 127.16683
B64: 43435 | C64: 43.672817 | D64: 23.755449 | E64: 25.476935 | F64: 14.929584 | G64: 8.0994175 | H64: 18.184858 | I64: 3.3509541 | J64: -15.416691 | K64: 122.05332
B65: 43525 | C65: 46.278473 | D65: 22.137266 | E65: 23.993514 | F65: 14.100891 | G65: 7.9109525 | H65: 17.789535 | I65: 3.2781073 | J65: -15.081546 | K65: 120.40719
B66: 43617 | C66: 43.733283 | D66: 25.826079 | E66: 24.618304 | F66: 14.794265 | G66: 8.2166273 | H66: 17.987196 | I66: 3.3145307 | J66: -15.249118 | K66: 123.24117
A67: 2019-20 | B67: 43709 | C67: 43.645948 | D67: 26.95499 | E67: 24.645276 | F67: 14.330348 | G67: 8.0427851 | H67: 17.65043 | I67: 3.3911962 | J67: -15.15982 | K67: 123.50115
B68: 43800 | C68: 42.226344 | D68: 24.611267 | E68: 25.296701 | F68: 13.909594 | G68: 8.0330332 | H68: 17.65043 | I68: 3.3911962 | J68: -15.15982 | K68: 119.95875
B69: 43891 | C69: 44.291215 | D69: 23.200785 | E69: 23.789305 | F69: 13.678456 | G69: 7.9195185 | H69: 17.458577 | I69: 3.3543354 | J69: -14.995039 | K69: 118.69715
B70: 43983 | C70: 41.801671 | D70: 25.243695 | E70: 19.516368 | F70: 14.150142 | G70: 7.9496987 | H70: 17.458577 | I70: 3.3543354 | J70: -14.995039 | K70: 114.47945
A71: 2020-21 | B71: 44075 | C71: 42.178657 | D71: 27.125942 | E71: 21.07548 | F71: 13.103385 | G71: 8.1461946 | H71: 19.028974 | I71: 3.4676442 | J71: -22.36675 | K71: 111.75953
B72: 44166 | C72: 39.057405 | D72: 25.009856 | E72: 23.129353 | F72: 12.473126 | G72: 8.2734876 | H72: 19.028974 | I72: 3.4676442 | J72: -22.36675 | K72: 108.07309
B73: 44256 | C73: 40.620596 | D73: 23.378449 | E73: 22.337917 | F73: 12.294533 | G73: 8.0622863 | H73: 18.6153 | I73: 3.3922607 | J73: -21.880516 | K73: 106.82083
B74: 44348 | C74: 41.280968 | D74: 27.319666 | E74: 23.98498 | F74: 12.771434 | G74: 8.2270683 | H74: 18.822137 | I74: 3.4299525 | J74: -22.123633 | K74: 113.71257
A75: 2021-22 | B75: 44440 | C75: 40.569764 | D75: 27.986374 | E75: 21.248461 | F75: 13.027753 | G75: 8.2691767 | H75: 19.294604 | I75: 3.5428173 | J75: -20.458455 | K75: 113.4805
B76: 44531 | C76: 36.89985 | D76: 25.450393 | E76: 23.964864 | F76: 12.477968 | G76: 8.4173733 | H76: 19.294604 | I76: 3.5428173 | J76: -20.458455 | K76: 109.58941
B77: 44621 | C77: 39.619537 | D77: 22.79394 | E77: 22.972197 | F77: 12.041683 | G77: 8.0143212 | H77: 18.875156 | I77: 3.4657995 | J77: -20.013706 | K77: 107.76893
B78: 44713 | C78: 39.398084 | D78: 26.485177 | E78: 24.055918 | F78: 12.386253 | G78: 8.249169 | H78: 19.08488 | I78: 3.5043084 | J78: -20.23608 | K78: 112.92771
A79: 2022-23 | B79: 44805 | C79: 40.62 | D79: 26.341831 | E79: 24.371584 | F79: 12.953705 | G79: 8.3255428 | H79: 19.857453 | I79: 3.4956894 | J79: -10.35102 | K79: 125.61478
B80: 44896 | C80: 34.915056 | D80: 24.714125 | E80: 24.844382 | F80: 12.344246 | G80: 8.3977768 | H80: 19.857453 | I80: 3.4956894 | J80: -10.35102 | K80: 118.21771
B81: 44986 | C81: 38.317547 | D81: 22.494448 | E81: 24.249424 | F81: 11.920934 | G81: 8.0375407 | H81: 19.425769 | I81: 3.4196961 | J81: -10.125998 | K81: 117.73936
B82: 45078 | C82: 38.829723 | D82: 26.052295 | E82: 24.767083 | F82: 12.27734 | G82: 8.3201011 | H82: 19.641611 | I82: 3.4576928 | J82: -10.238509 | K82: 123.10734
A83: 2023-24 | B83: 45170 | C83: 37.621188 | D83: 26.271719 | E83: 24.769843 | F83: 11.675217 | G83: 7.8955266 | H83: 19.021449 | I83: 3.5017605 | J83: -13.107254 | K83: 117.64945
B84: 45261 | C84: 34.620108 | D84: 24.13433 | E84: 25.564035 | F84: 11.734071 | G84: 7.7695601 | H84: 19.021449 | I84: 3.5017605 | J84: -13.107254 | K84: 113.23806
B85: 45352 | C85: 38.987125 | D85: 22.961127 | E85: 24.89633 | F85: 11.798063 | G85: 7.6333543 | H85: 18.814694 | I85: 3.4636979 | J85: -12.964784 | K85: 115.58961
B86: 45444 | C86: 40.484272 | D86: 25.424784 | E86: 25.13994 | F86: 12.040163 | G86: 7.542846 | H86: 18.814694 | I86: 3.4636979 | J86: -12.964784 | K86: 119.94561
A87: 2024-25 | B87: 45536 | C87: 38.312404 | D87: 26.207464 | E87: 25.367104 | F87: 12.579964 | G87: 7.8581767 | H87: 19.343091 | I87: 3.3994148 | J87: -13.107254 | K87: 119.96036
B88: 45627 | C88: 33.788265 | D88: 23.933343 | E88: 26.052532 | F88: 11.958864 | G88: 7.7095729 | H88: 19.343091 | I88: 3.3994148 | J88: -13.107254 | K88: 113.07783
B89: 45717 | C89: 37.065126 | D89: 21.957844 | E89: 24.079129 | F89: 10.770476 | G89: 7.7247229 | H89: 18.922589 | I89: 3.3255145 | J89: -12.822314 | K89: 111.02309
B90: 45809 | C90: 38.645955 | D90: 24.991312 | E90: 25.184473 | F90: 11.366325 | G90: 7.9689396 | H90: 19.13284 | I90: 3.3624646 | J90: -12.964784 | K90: 117.68753
A91: 2025-26 | B91: 45901 | C91: 38.130158 | D91: 26.174246 | E91: 25.286912 | F91: 11.870704 | G91: 8.0207901 | H91: 19.091937 | I91: 3.3994148 | J91: -13.107254 | K91: 118.86691
B92: 45992 | C92: 32.004707 | D92: 23.874851 | E92: 26.276151 | F92: 11.850314 | G92: 7.944111 | H92: 19.091937 | I92: 3.3994148 | J92: -13.107254 | K92: 111.33423
B93: 46082 | C93: 35.354852 | D93: 22.235252 | E93: 24.364977 | F93: 10.852349 | G93: 7.7971739 | H93: 18.676895 | I93: 3.3255145 | J93: -12.822314 | K93: 109.7847
A100: Source: Department of Climate Change, Energy, the Environment and Water

Sheet Data Table 1B
A1: ='Figure 1'!A1 -> Quarterly Update of Australia's National Greenhouse Gas Inventory | Figures and Tables for the December Quarter 2025
A2: Click here to return to contents page
A4: Data Table 1B: Seasonally adjusted emissions (Mt), by sector, by quarter, since 2004-05 (including preliminary March 2026)
A5: Year | B5: Quarter | C5: Energy | G5: Industrial Processes and Product Use | H5: Agriculture | I5: Waste | J5: Land Use, Land Use Change and Forestry (LULUCF) | K5: National Inventory Total
C6: Electricity | D6: Stationary Energy excl. electricity | E6: Transport | F6: Fugitive Emissions
A7: 2004-05 | B7: 38231 | C7: 48.865475 | D7: 19.988338 | E7: 20.335662 | F7: 10.406794 | G7: 7.3279655 | H7: 20.851753 | I7: 3.9501738 | J7: 19.455402 | K7: 151.18156
B8: 38322 | C8: 49.050492 | D8: 20.15839 | E8: 20.399833 | F8: 10.533554 | G8: 7.4673858 | H8: 20.761868 | I8: 3.937986 | J8: 19.343421 | K8: 151.65293
B9: 38412 | C9: 49.362296 | D9: 20.563014 | E9: 20.502138 | F9: 10.911701 | G9: 7.6372717 | H9: 20.577545 | I9: 3.9263722 | J9: 19.727764 | K9: 153.2081
B10: 38504 | C10: 49.398812 | D10: 20.531391 | E10: 20.567774 | F10: 10.73875 | G10: 7.6997637 | H10: 20.537783 | I10: 3.9454555 | J10: 18.203898 | K10: 151.62363
A11: 2005-06 | B11: 38596 | C11: 50.002402 | D11: 19.973565 | E11: 20.638063 | F11: 10.759007 | G11: 7.6192816 | H11: 20.537128 | I11: 3.8870567 | J11: 27.53879 | K11: 160.95529
B12: 38687 | C12: 50.426947 | D12: 19.993896 | E12: 20.70808 | F12: 10.849618 | G12: 7.5978516 | H12: 20.438301 | I12: 3.8734755 | J12: 27.277129 | K12: 161.1653
B13: 38777 | C13: 50.231293 | D13: 20.37556 | E13: 20.807231 | F13: 11.006216 | G13: 7.6494013 | H13: 20.262145 | I13: 3.8667753 | J13: 27.238298 | K13: 161.43692
B14: 38869 | C14: 50.534205 | D14: 20.193899 | E14: 20.898435 | F14: 10.953257 | G14: 7.7642943 | H14: 20.212341 | I14: 3.8836319 | J14: 25.961161 | K14: 160.40122
A15: 2006-07 | B15: 38961 | C15: 51.084158 | D15: 20.22394 | E15: 21.084953 | F15: 11.460832 | G15: 8.0475248 | H15: 19.687773 | I15: 3.9873014 | J15: 21.39157 | K15: 156.96805
B16: 39052 | C16: 50.977919 | D16: 20.325496 | E16: 21.180757 | F16: 11.664047 | G16: 8.1521103 | H16: 19.578265 | I16: 3.9731809 | J16: 20.993922 | K16: 156.8457
B17: 39142 | C17: 50.788617 | D17: 20.398681 | E17: 21.263236 | F17: 11.901558 | G17: 8.2045471 | H17: 19.426672 | I17: 3.9651225 | J17: 20.770251 | K17: 156.71868
B18: 39234 | C18: 51.068817 | D18: 20.516607 | E18: 21.381703 | F18: 11.866433 | G18: 8.2713842 | H18: 19.372279 | I18: 3.9801673 | J18: 19.495136 | K18: 155.95253
A19: 2007-08 | B19: 39326 | C19: 51.435619 | D19: 20.957087 | E19: 21.533995 | F19: 11.795892 | G19: 8.0239283 | H19: 18.957044 | I19: 4.1104159 | J19: 18.356328 | K19: 155.17031
B20: 39417 | C20: 51.380991 | D20: 20.905147 | E20: 21.635471 | F20: 11.404387 | G20: 8.0924752 | H20: 18.835048 | I20: 4.0946624 | J20: 17.746685 | K20: 154.09487
B21: 39508 | C21: 51.392958 | D21: 20.746218 | E21: 21.717823 | F21: 11.201393 | G21: 8.2503463 | H21: 18.939975 | I21: 4.1271965 | J21: 17.425589 | K21: 153.8015
B22: 39600 | C22: 51.50232 | D22: 21.251821 | E22: 21.86707 | F22: 11.762156 | G22: 8.316754 | H22: 18.672494 | I22: 4.0933313 | J22: 15.946254 | K22: 153.4122
A23: 2008-09 | B23: 39692 | C23: 52.935828 | D23: 21.303045 | E23: 21.549248 | F23: 11.421345 | G23: 8.2201091 | H23: 18.982004 | I23: 4.0827623 | J23: 16.808477 | K23: 155.30282
B24: 39783 | C24: 52.335492 | D24: 21.082834 | E24: 21.68191 | F24: 11.584001 | G24: 7.9691315 | H24: 18.864109 | I24: 4.0679172 | J24: 15.976533 | K24: 153.56193
B25: 39873 | C25: 52.991102 | D25: 20.012197 | E25: 21.776929 | F25: 11.435877 | G25: 7.0869835 | H25: 18.783992 | I25: 4.0456939 | J25: 15.22365 | K25: 151.35642
B26: 39965 | C26: 52.925256 | D26: 20.356381 | E26: 21.938374 | F26: 11.441267 | G26: 7.177604 | H26: 18.77433 | I26: 4.0530993 | J26: 13.890244 | K26: 150.55656
A27: 2009-10 | B27: 40057 | C27: 51.642296 | D27: 20.2477 | E27: 21.881548 | F27: 11.139664 | G27: 7.9102926 | H27: 18.302117 | I27: 4.0529227 | J27: 18.675171 | K27: 153.85171
B28: 40148 | C28: 50.676743 | D28: 20.672059 | E28: 22.073844 | F28: 11.422414 | G28: 8.3227366 | H28: 18.208999 | I28: 4.0367077 | J28: 17.607752 | K28: 153.02126
B29: 40238 | C29: 51.150487 | D29: 20.925724 | E29: 22.129669 | F29: 11.453691 | G29: 8.6121271 | H29: 18.181864 | I29: 4.0053272 | J29: 16.715658 | K29: 153.17455
B30: 40330 | C30: 51.191857 | D30: 21.239731 | E30: 22.346459 | F30: 11.460462 | G30: 8.6423496 | H30: 18.194646 | I30: 4.0072549 | J30: 15.390607 | K30: 152.47337
A31: 2010-11 | B31: 40422 | C31: 50.325298 | D31: 21.109308 | E31: 22.462675 | F31: 11.459512 | G31: 8.4649621 | H31: 19.386252 | I31: 3.9443715 | J31: 10.550267 | K31: 147.70265
B32: 40513 | C32: 49.112453 | D32: 21.234719 | E32: 22.744246 | F32: 10.797922 | G32: 8.6220708 | H32: 19.328397 | I32: 3.9265586 | J32: 9.3650581 | K32: 145.13142
B33: 40603 | C33: 49.373904 | D33: 21.405146 | E33: 22.72023 | F33: 10.806709 | G33: 8.6680814 | H33: 19.297755 | I33: 3.8904555 | J33: 8.6039701 | K33: 144.76625
B34: 40695 | C34: 49.501358 | D34: 21.706508 | E34: 23.074537 | F34: 10.961589 | G34: 8.5327946 | H34: 19.330763 | I34: 3.8883533 | J34: 7.1695711 | K34: 144.16547
A35: 2011-12 | B35: 40787 | C35: 50.313436 | D35: 22.207975 | E35: 22.930736 | F35: 11.230427 | G35: 8.4728071 | H35: 19.599153 | I35: 3.6031525 | J35: 3.8115967 | K35: 142.16928
B36: 40878 | C36: 50.683905 | D36: 21.622381 | E36: 22.603438 | F36: 11.397179 | G36: 7.7727699 | H36: 19.555644 | I36: 3.5809748 | J36: 2.5394129 | K36: 139.7557
B37: 40969 | C37: 49.669023 | D37: 21.966868 | E37: 23.120207 | F37: 11.216703 | G37: 7.8866646 | H37: 19.746674 | I37: 3.5927961 | J37: 1.8213376 | K37: 139.02027
B38: 41061 | C38: 48.460353 | D38: 21.919497 | E38: 22.865005 | F38: 11.17363 | G38: 7.8074249 | H38: 19.544606 | I38: 3.5498305 | J38: 0.35462679 | K38: 135.67497
A39: 2012-13 | B39: 41153 | C39: 46.58196 | D39: 22.957219 | E39: 23.010802 | F39: 11.249004 | G39: 7.3985054 | H39: 19.749525 | I39: 3.4945402 | J39: 6.5272722 | K39: 140.96883
B40: 41244 | C40: 47.145881 | D40: 23.106129 | E40: 23.092668 | F40: 11.497648 | G40: 7.4500455 | H40: 19.716323 | I40: 3.4740947 | J40: 5.1983081 | K40: 140.6811
B41: 41334 | C41: 46.279656 | D41: 22.739783 | E41: 23.327374 | F41: 11.454354 | G41: 7.4409117 | H41: 19.663134 | I41: 3.4518905 | J41: 4.2864395 | K41: 138.64354
B42: 41426 | C42: 47.068711 | D42: 23.526589 | E42: 23.398466 | F42: 11.760264 | G42: 7.4693067 | H42: 19.659775 | I42: 3.4528375 | J42: 2.9911929 | K42: 139.32714
A43: 2013-14 | B43: 41518 | C43: 44.046533 | D43: 23.167652 | E43: 23.323238 | F43: 10.755582 | G43: 7.4197093 | H43: 19.840751 | I43: 3.4044747 | J43: 3.8318693 | K43: 135.78981
B44: 41609 | C44: 45.173236 | D44: 23.83706 | E44: 23.16746 | F44: 10.693951 | G44: 7.4656187 | H44: 19.789488 | I44: 3.3853351 | J44: 2.4870316 | K44: 135.99918
B45: 41699 | C45: 45.970764 | D45: 23.689228 | E45: 23.05716 | F45: 11.42856 | G45: 7.4215296 | H45: 19.72319 | I45: 3.3705866 | J45: 1.6112847 | K45: 136.2723
B46: 41791 | C46: 45.564588 | D46: 22.446501 | E46: 23.20326 | F46: 10.88317 | G46: 7.4471173 | H46: 19.686049 | I46: 3.3776889 | J46: 0.31859485 | K46: 132.92697
A47: 2014-15 | B47: 41883 | C47: 47.032026 | D47: 22.62536 | E47: 23.68067 | F47: 12.108911 | G47: 7.5683756 | H47: 19.135922 | I47: 3.5345538 | J47: 0.49252295 | K47: 136.17834
B48: 41974 | C48: 47.743609 | D48: 21.164824 | E48: 23.73142 | F48: 12.006715 | G48: 7.6011815 | H48: 19.068802 | I48: 3.5221229 | J48: -0.87946199 | K48: 133.95921
B49: 42064 | C49: 46.845905 | D49: 22.188199 | E49: 23.790381 | F49: 12.272329 | G49: 7.6784435 | H49: 19.001474 | I49: 3.5066691 | J49: -1.6932208 | K49: 133.59018
B50: 42156 | C50: 47.352151 | D50: 22.942561 | E50: 23.633521 | F50: 12.719181 | G50: 7.6863209 | H50: 18.90128 | I50: 3.5204968 | J50: -2.9784812 | K50: 133.77703
A51: 2015-16 | B51: 42248 | C51: 48.878305 | D51: 22.192454 | E51: 24.028997 | F51: 12.393095 | G51: 7.608058 | H51: 18.788342 | I51: 3.6393329 | J51: -12.358529 | K51: 125.17005
B52: 42339 | C52: 49.014768 | D52: 22.375245 | E52: 23.998126 | F52: 12.80465 | G52: 7.6533622 | H52: 18.668834 | I52: 3.6319249 | J52: -13.722774 | K52: 124.42413
B53: 42430 | C53: 48.526754 | D53: 22.65542 | E53: 24.094288 | F53: 12.721134 | G53: 7.7063288 | H53: 18.805877 | I53: 3.6552221 | J53: -14.447343 | K53: 123.71768
B54: 42522 | C54: 48.279855 | D54: 22.59835 | E54: 23.68919 | F54: 12.712028 | G54: 7.6317888 | H54: 18.464449 | I54: 3.6350592 | J54: -15.623391 | K54: 121.38733
A55: 2016-17 | B55: 42614 | C55: 47.732843 | D55: 22.327768 | E55: 23.642943 | F55: 13.685283 | G55: 7.8160256 | H55: 19.959327 | I55: 3.5922559 | J55: -4.8157282 | K55: 133.94072
B56: 42705 | C56: 45.443644 | D56: 23.998627 | E56: 24.134087 | F56: 13.881012 | G56: 7.8466062 | H56: 19.818705 | I56: 3.5947462 | J56: -6.1636624 | K56: 132.55377
B57: 42795 | C57: 47.659822 | D57: 24.056992 | E57: 24.720481 | F57: 13.407176 | G57: 7.7800798 | H57: 19.703119 | I57: 3.5754654 | J57: -6.9060873 | K57: 133.99705
B58: 42887 | C58: 48.869492 | D58: 23.47769 | E58: 24.905798 | F58: 13.020195 | G58: 7.7642908 | H58: 19.574726 | I58: 3.597089 | J58: -7.8583013 | K58: 133.35098
A59: 2017-18 | B59: 42979 | C59: 46.031523 | D59: 24.159497 | E59: 24.889174 | F59: 14.818213 | G59: 7.799454 | H59: 19.73585 | I59: 3.2866156 | J59: -12.575113 | K59: 128.14521
B60: 43070 | C60: 46.130263 | D60: 24.372879 | E60: 24.631611 | F60: 13.948417 | G60: 7.8678429 | H60: 19.564817 | I60: 3.2937938 | J60: -13.722018 | K60: 126.08761
B61: 43160 | C61: 45.478418 | D61: 24.205953 | E61: 24.987573 | F61: 14.200118 | G61: 7.9863742 | H61: 19.462879 | I61: 3.2810303 | J61: -14.250945 | K61: 125.3514
B62: 43252 | C62: 45.624759 | D62: 24.474237 | E62: 25.175949 | F62: 14.282516 | G62: 8.1277816 | H62: 19.365035 | I62: 3.2992946 | J62: -14.912748 | K62: 125.43682
A63: 2018-19 | B63: 43344 | C63: 45.097498 | D63: 25.325707 | E63: 25.160948 | F63: 14.659187 | G63: 8.2036246 | H63: 18.204234 | I63: 3.3167781 | J63: -14.314951 | K63: 125.65303
B64: 43435 | C64: 45.144678 | D64: 24.216952 | E64: 24.735115 | F64: 14.870515 | G64: 8.036126 | H64: 18.052947 | I64: 3.3290317 | J64: -15.13592 | K64: 123.24944
B65: 43525 | C65: 45.239085 | D65: 24.456198 | E65: 24.55205 | F65: 14.645562 | G65: 8.0418338 | H65: 18.001995 | I65: 3.317511 | J65: -15.53197 | K65: 122.72226
B66: 43617 | C66: 43.518563 | D66: 24.966748 | E66: 24.641051 | F66: 14.681269 | G66: 8.2452432 | H66: 17.924374 | I66: 3.3322561 | J66: -15.828894 | K66: 121.48061
A67: 2019-20 | B67: 43709 | C67: 43.252658 | D67: 25.004098 | E67: 24.823263 | F67: 13.945384 | G67: 7.9544381 | H67: 17.627235 | I67: 3.3557694 | J67: -14.512172 | K67: 121.45067
B68: 43800 | C68: 43.962431 | D68: 25.090702 | E68: 24.5372 | F68: 13.935454 | G68: 7.957149 | H68: 17.49913 | I68: 3.3667404 | J68: -14.937065 | K68: 121.41174
B69: 43891 | C69: 43.359027 | D69: 25.607056 | E69: 24.383537 | F69: 14.137069 | G69: 8.0585494 | H69: 17.680739 | I69: 3.3979324 | J69: -15.326323 | K69: 121.29759
B70: 43983 | C70: 41.369426 | D70: 24.248673 | E70: 19.465128 | F70: 14.008065 | G70: 7.9647264 | H70: 17.464468 | I70: 3.3715586 | J70: -15.290945 | K70: 112.6011
A71: 2020-21 | B71: 44075 | C71: 41.62412 | D71: 25.236854 | E71: 21.287959 | F71: 12.756259 | G71: 8.0774871 | H71: 18.934922 | I71: 3.4310799 | J71: -22.028949 | K71: 109.31973
B72: 44166 | C72: 41.049464 | D72: 25.494243 | E72: 22.392436 | F72: 12.552183 | G72: 8.1871825 | H72: 18.873442 | I72: 3.4428947 | J72: -22.214242 | K72: 109.7776
B73: 44256 | C73: 39.847428 | D73: 25.814086 | E73: 22.91669 | F73: 12.679573 | G73: 8.2033436 | H73: 18.840421 | I73: 3.4372072 | J73: -22.073812 | K73: 109.66494
B74: 44348 | C74: 40.538204 | D74: 26.222183 | E74: 23.919742 | F74: 12.662953 | G74: 8.2346572 | H74: 18.902717 | I74: 3.4441689 | J74: -22.266306 | K74: 111.65832
A75: 2021-22 | B75: 44440 | C75: 39.855373 | D75: 26.20631 | E75: 21.455348 | F75: 12.664863 | G75: 8.2090281 | H75: 19.132721 | I75: 3.5096874 | J75: -20.292421 | K75: 110.74091
B76: 44531 | C76: 39.236903 | D76: 25.896949 | E76: 23.264135 | F76: 12.557371 | G76: 8.3322927 | H76: 19.12976 | I76: 3.5179087 | J76: -20.385887 | K76: 111.54943
B77: 44621 | C77: 38.982427 | D77: 25.217535 | E77: 23.54328 | F77: 12.426421 | G77: 8.1562639 | H77: 19.105405 | I77: 3.5098052 | J77: -20.096125 | K77: 110.84501
B78: 44713 | C78: 38.297548 | D78: 25.36741 | E78: 23.981044 | F78: 12.31786 | G78: 8.2442209 | H78: 19.219279 | I78: 3.5154753 | J78: -20.352055 | K78: 110.59078
A79: 2022-23 | B79: 44805 | C79: 39.771529 | D79: 24.626917 | E79: 24.547223 | F79: 12.560187 | G79: 8.2687761 | H79: 19.646313 | I79: 3.4658867 | J79: -10.218198 | K79: 122.66863
B80: 44896 | C80: 37.592227 | D80: 25.12569 | E80: 24.171224 | F80: 12.376843 | G80: 8.3256002 | H80: 19.698648 | I80: 3.4727713 | J80: -10.324476 | K80: 120.43853
B81: 44986 | C81: 37.834401 | D81: 24.890506 | E81: 24.830807 | F81: 12.349266 | G81: 8.1769571 | H81: 19.653462 | I81: 3.4619714 | J81: -10.149648 | K81: 121.04772
B82: 45078 | C82: 37.368102 | D82: 24.957376 | E82: 24.721438 | F82: 12.259132 | G82: 8.3052316 | H82: 19.79454 | I82: 3.4643057 | J82: -10.39068 | K82: 120.47944
A83: 2023-24 | B83: 45170 | C83: 36.623674 | D83: 24.57858 | E83: 24.870842 | F83: 11.238738 | G83: 7.8310926 | H83: 18.796828 | I83: 3.4764636 | J83: -12.931218 | K83: 114.485
B84: 45261 | C84: 37.73023 | D84: 24.535323 | E84: 24.904841 | F84: 11.701232 | G84: 7.7206597 | H84: 18.871123 | I84: 3.4800871 | J84: -13.105948 | K84: 115.83755
B85: 45352 | C85: 38.61602 | D85: 25.321576 | E85: 25.515238 | F85: 12.295625 | G85: 7.7680689 | H85: 19.036367 | I85: 3.504619 | J85: -12.988535 | K85: 119.06898
B86: 45444 | C86: 38.642612 | D86: 24.363651 | E86: 25.121158 | F86: 12.041536 | G86: 7.5147882 | H86: 18.956938 | I86: 3.4674174 | J86: -13.166105 | K86: 116.942
A87: 2024-25 | B87: 45536 | C87: 37.151951 | D87: 24.512048 | E87: 25.41065 | F87: 12.127315 | G87: 7.7898625 | H87: 19.128134 | I87: 3.376486 | J87: -12.870295 | K87: 116.62615
B88: 45627 | C88: 37.15779 | D88: 24.349196 | E88: 25.372566 | F88: 11.870031 | G88: 7.6832275 | H88: 19.206333 | I88: 3.3793842 | J88: -13.070928 | K88: 115.9476
B89: 45717 | C89: 36.804589 | D89: 24.26996 | E89: 24.7326 | F89: 11.318837 | G89: 7.8486387 | H89: 19.131865 | I89: 3.3648337 | J89: -12.898519 | K89: 114.5728
B90: 45839 | C90: 36.68867 | D90: 23.961879 | E90: 25.201844 | F90: 11.372499 | G90: 7.9365286 | H90: 19.267055 | I90: 3.3647244 | J90: -13.218396 | K90: 114.5748
A91: 2026-26 | B91: 45901 | C91: 36.86351 | D91: 24.478479 | E91: 25.2983 | F91: 11.410444 | G91: 7.9491456 | H91: 18.885397 | I91: 3.3778971 | J91: -12.810983 | K91: 115.45219
B92: 45992 | C92: 35.379621 | D92: 24.299286 | E92: 25.575194 | F92: 11.74191 | G92: 7.9314365 | H92: 18.96051 | I92: 3.3801858 | J92: -13.019908 | K92: 114.24824
B93: 46082 | C93: 35.195789 | D93: 24.51558 | E93: 25.047654 | F93: 11.426486 | G93: 7.9105715 | H93: 18.878102 | I93: 3.3635039 | J93: -12.967977 | K93: 113.36971
A100: Source: Department of Climate Change, Energy, the Environment and Water

Sheet Data Table 1C
A1: ='Figure 1'!A1 -> Quarterly Update of Australia's National Greenhouse Gas Inventory | Figures and Tables for the December Quarter 2025
A2: Click here to return to contents page
A4: Data Table 1C: Trend emissions (Mt), by sector, by quarter, since 2004-05 (including preliminary March 2026)
A5: Year | B5: Quarter | C5: Energy | G5: Industrial Processes and Product Use | H5: Agriculture | I5: Waste | J5: Land Use, Land Use Change and Forestry (LULUCF) | K5: National Inventory Total
C6: Electricity | D6: Stationary Energy excl. electricity | E6: Transport | F6: Fugitive Emissions
A7: 2004-05 | B7: 38231 | C7: 49.026898 | D7: 20.101837 | E7: 20.340429 | F7: 10.494072 | G7: 7.4047246 | H7: 20.780986 | I7: 3.9531905 | J7: 17.732454 | K7: 149.83459
B8: 38322 | C8: 49.067501 | D8: 20.258987 | E8: 20.409256 | F8: 10.58632 | G8: 7.4829095 | H8: 20.720417 | I8: 3.939914 | J8: 19.164877 | K8: 151.63018
B9: 38412 | C9: 49.239583 | D9: 20.421436 | E9: 20.490166 | F9: 10.705803 | G9: 7.5992082 | H9: 20.635793 | I9: 3.9341754 | J9: 20.424796 | K9: 153.45096
B10: 38504 | C10: 49.587726 | D10: 20.378647 | E10: 20.567086 | F10: 10.771804 | G10: 7.6629329 | H10: 20.554337 | I10: 3.9211724 | J10: 22.452029 | K10: 155.89573
A11: 2005-06 | B11: 38596 | C11: 49.950338 | D11: 20.187612 | E11: 20.638635 | F11: 10.800129 | G11: 7.6398559 | H11: 20.502689 | I11: 3.8976906 | J11: 25.10581 | K11: 158.72276
B12: 38687 | C12: 50.214631 | D12: 20.08519 | E12: 20.709536 | F12: 10.83389 | G12: 7.6063197 | H12: 20.441771 | I12: 3.8729194 | J12: 27.094922 | K12: 160.85918
B13: 38777 | C13: 50.419421 | D13: 20.143587 | E13: 20.803398 | F13: 10.936309 | G13: 7.6571345 | H13: 20.294167 | I13: 3.8687016 | J13: 27.122034 | K13: 161.24475
B14: 38869 | C14: 50.642821 | D14: 20.22977 | E14: 20.925697 | F14: 11.112615 | G14: 7.8093971 | H14: 20.05987 | I14: 3.8959902 | J14: 25.288348 | K14: 159.96451
A15: 2006-07 | B15: 38961 | C15: 50.863478 | D15: 20.256196 | E15: 21.057175 | F15: 11.38509 | G15: 7.9941576 | H15: 19.791931 | I15: 3.933119 | J15: 22.930145 | K15: 158.21129
B16: 39052 | C16: 50.94977 | D16: 20.284859 | E16: 21.173255 | F16: 11.67563 | G16: 8.1580787 | H16: 19.584186 | I16: 3.9588136 | J16: 21.208189 | K16: 156.99278
B17: 39142 | C17: 50.962027 | D17: 20.416637 | E17: 21.278801 | F17: 11.873818 | G17: 8.2213873 | H17: 19.429434 | I17: 3.9748787 | J17: 20.263082 | K17: 156.42007
B18: 39234 | C18: 51.087309 | D18: 20.619207 | E18: 21.392428 | F18: 11.879892 | G18: 8.1759443 | H18: 19.247471 | I18: 4.000887 | J18: 19.496415 | K18: 155.89955
A19: 2007-08 | B19: 39326 | C19: 51.294299 | D19: 20.794496 | E19: 21.524323 | F19: 11.701502 | G19: 8.1159197 | H19: 19.045542 | I19: 4.0493767 | J19: 18.585506 | K19: 155.11096
B20: 39417 | C20: 51.343475 | D20: 20.914828 | E20: 21.637999 | F20: 11.458842 | G20: 8.1283134 | H20: 18.879433 | I20: 4.095557 | J20: 17.705883 | K20: 154.16433
B21: 39508 | C21: 51.462029 | D21: 21.032443 | E21: 21.701055 | F21: 11.317677 | G21: 8.2360122 | H21: 18.814017 | I21: 4.1128899 | J21: 17.067381 | K21: 153.7435
B22: 39600 | C22: 51.801826 | D22: 21.187221 | E22: 21.707364 | F22: 11.350539 | G22: 8.3000567 | H22: 18.8395 | I22: 4.1035736 | J22: 16.642398 | K22: 153.93248
A23: 2008-09 | B23: 39692 | C23: 52.296462 | D23: 21.229379 | E23: 21.689391 | F23: 11.462638 | G23: 8.1265003 | H23: 18.863204 | I23: 4.0829825 | J23: 16.267989 | K23: 154.01854
B24: 39783 | C24: 52.772654 | D24: 21.002565 | E24: 21.715325 | F24: 11.524512 | G24: 7.7226659 | H24: 18.887231 | I24: 4.0637713 | J24: 15.785171 | K24: 153.47389
B25: 39873 | C25: 52.912883 | D25: 20.603695 | E25: 21.783957 | F25: 11.463204 | G25: 7.3825281 | H25: 18.828336 | I25: 4.0547277 | J25: 15.6273 | K25: 152.65663
B26: 39965 | C26: 52.54598 | D26: 20.336395 | E26: 21.870472 | F26: 11.358819 | G26: 7.4044862 | H26: 18.633145 | I26: 4.0518437 | J26: 16.15465 | K26: 152.35579
A27: 2009-10 | B27: 40057 | C27: 51.890653 | D27: 20.351093 | E27: 21.947564 | F27: 11.302194 | G27: 7.8020401 | H27: 18.38666 | I27: 4.0467935 | J27: 17.145122 | K27: 152.87212
B28: 40148 | C28: 51.321718 | D28: 20.621632 | E28: 22.036418 | F28: 11.357278 | G28: 8.292957 | H28: 18.204603 | I28: 4.0363824 | J28: 17.701241 | K28: 153.57223
B29: 40238 | C29: 51.144103 | D29: 20.929696 | E29: 22.157068 | F29: 11.459288 | G29: 8.5668688 | H29: 18.250518 | I29: 4.016146 | J29: 16.786494 | K29: 153.31018
B30: 40330 | C30: 50.878062 | D30: 21.124115 | E30: 22.329626 | F30: 11.432532 | G30: 8.602898 | H30: 18.559887 | I30: 3.9893877 | J30: 14.426291 | K30: 151.3428
A31: 2010-11 | B31: 40422 | C31: 50.218988 | D31: 21.181646 | E31: 22.500397 | F31: 11.199561 | G31: 8.5881518 | H31: 18.943736 | I31: 3.9614492 | J31: 11.71356 | K31: 148.30749
B32: 40513 | C32: 49.500191 | D32: 21.23804 | E32: 22.668985 | F32: 10.937667 | G32: 8.5947396 | H32: 19.215491 | I32: 3.9272049 | J32: 9.6547667 | K32: 145.73708
B33: 40603 | C33: 49.261884 | D33: 21.469228 | E33: 22.806523 | F33: 10.831416 | G33: 8.6267763 | H33: 19.342213 | I33: 3.8742313 | J33: 8.2078746 | K33: 144.42014
B34: 40695 | C34: 49.690808 | D34: 21.746853 | E34: 22.898061 | F34: 10.975149 | G34: 8.5762069 | H34: 19.410722 | I34: 3.7921583 | J34: 6.5676676 | K34: 143.65763
A35: 2011-12 | B35: 40787 | C35: 50.270089 | D35: 21.893685 | E35: 22.930932 | F35: 11.20349 | G35: 8.3897823 | H35: 19.517616 | I35: 3.6966828 | J35: 4.3309345 | K35: 142.23321
B36: 40878 | C36: 50.394588 | D36: 21.846739 | E36: 22.91337 | F36: 11.299866 | G36: 8.1521695 | H36: 19.614431 | I36: 3.6241441 | J36: 2.5258035 | K36: 140.37111
B37: 40969 | C37: 49.62694 | D37: 21.871375 | E37: 22.881402 | F37: 11.258245 | G37: 7.9017759 | H37: 19.648934 | I37: 3.5785355 | J37: 2.0201061 | K37: 138.78731
B38: 41061 | C38: 48.337578 | D38: 22.226428 | E38: 22.901241 | F38: 11.220757 | G38: 7.6803238 | H38: 19.664709 | I38: 3.5422312 | J38: 2.8445857 | K38: 138.41785
A39: 2012-13 | B39: 41153 | C39: 47.245279 | D39: 22.670187 | E39: 22.987584 | F39: 11.283111 | G39: 7.5267094 | H39: 19.691006 | I39: 3.5041062 | J39: 4.0778773 | K39: 138.98586
B40: 41244 | C40: 46.699135 | D40: 22.973097 | E40: 23.140178 | F40: 11.456603 | G40: 7.4450156 | H40: 19.687952 | I40: 3.4738952 | J40: 4.6411355 | K40: 139.51701
B41: 41334 | C41: 46.4231 | D41: 23.100106 | E41: 23.297034 | F41: 11.506029 | G41: 7.4327005 | H41: 19.692818 | I41: 3.4565666 | J41: 4.3449326 | K41: 139.25329
B42: 41426 | C42: 46.004782 | D42: 23.207508 | E42: 23.366779 | F42: 11.270206 | G42: 7.448348 | H42: 19.71586 | I42: 3.4380203 | J42: 3.7276761 | K42: 138.17918
A43: 2013-14 | B43: 41518 | C43: 45.578075 | D43: 23.521163 | E43: 23.304785 | F43: 10.981024 | G43: 7.4457206 | H43: 19.771598 | I43: 3.4092886 | J43: 3.21234 | K43: 137.22399
B44: 41609 | C44: 45.40995 | D44: 23.632743 | E44: 23.156949 | F44: 10.84683 | G44: 7.4337307 | H44: 19.81719 | I44: 3.383286 | J44: 2.5385054 | K44: 136.21918
B45: 41699 | C45: 45.540654 | D45: 23.401903 | E45: 23.125066 | F45: 11.047204 | G45: 7.4371537 | H45: 19.746327 | I45: 3.3813594 | J45: 1.6188004 | K45: 135.29847
B46: 41791 | C46: 46.161018 | D46: 22.873694 | E46: 23.287954 | F46: 11.46467 | G46: 7.4733747 | H46: 19.536325 | I46: 3.416979 | J46: 0.71815353 | K46: 134.93217
A47: 2014-15 | B47: 41883 | C47: 46.835375 | D47: 22.243146 | E47: 23.553221 | F47: 11.80901 | G47: 7.539344 | H47: 19.279775 | I47: 3.4665025 | J47: 0.16211759 | K47: 134.88849
B48: 41974 | C48: 47.159091 | D48: 22.079348 | E48: 23.724054 | F48: 12.123956 | G48: 7.6197815 | H48: 19.073193 | I48: 3.4991439 | J48: -0.41931695 | K48: 134.85925
B49: 42064 | C49: 47.334789 | D49: 22.26124 | E49: 23.781205 | F49: 12.3575 | G49: 7.6630839 | H49: 18.966526 | I49: 3.5201601 | J49: -2.1599806 | K49: 133.72452
B50: 42156 | C50: 47.72217 | D50: 22.428894 | E50: 23.828454 | F50: 12.491067 | G50: 7.6626238 | H50: 18.885544 | I50: 3.5512848 | J50: -5.6970211 | K50: 130.87302
A51: 2015-16 | B51: 42248 | C51: 48.431915 | D51: 22.499462 | E51: 23.954227 | F51: 12.625882 | G51: 7.6511411 | H51: 18.766436 | I51: 3.5982001 | J51: -10.134147 | K51: 127.39312
B52: 42339 | C52: 48.893225 | D52: 22.455496 | E52: 24.027729 | F52: 12.628323 | G52: 7.6540819 | H52: 18.715217 | I52: 3.6401855 | J52: -13.51592 | K52: 124.49834
B53: 42430 | C53: 48.715425 | D53: 22.422716 | E53: 23.928666 | F53: 12.712337 | G53: 7.6932515 | H53: 18.818711 | I53: 3.6480055 | J53: -14.044336 | K53: 123.89478
B54: 42522 | C54: 48.175809 | D54: 22.585739 | E54: 23.753828 | F54: 13.052563 | G54: 7.7562404 | H54: 19.113703 | I54: 3.6300021 | J54: -11.854832 | K54: 126.21305
A55: 2016-17 | B55: 42614 | C55: 47.73338 | D55: 23.008578 | E55: 23.796229 | F55: 13.433408 | G55: 7.8051429 | H55: 19.473714 | I55: 3.612055 | J55: -8.8831007 | K55: 129.97941
B56: 42705 | C56: 47.574242 | D56: 23.524415 | E56: 24.141724 | F56: 13.675174 | G56: 7.8176828 | H56: 19.689362 | I56: 3.5930953 | J56: -6.6791853 | K56: 133.33651
B57: 42795 | C57: 47.465056 | D57: 23.849835 | E57: 24.61452 | F57: 13.691998 | G57: 7.7957451 | H57: 19.732487 | I57: 3.5584664 | J57: -6.6979544 | K57: 134.01015
B58: 42887 | C58: 47.177492 | D58: 23.947481 | E58: 24.855003 | F58: 13.670829 | G58: 7.7740895 | H58: 19.686137 | I58: 3.4850693 | J58: -8.7897917 | K58: 131.80631
A59: 2017-18 | B59: 42979 | C59: 46.580765 | D59: 24.009587 | E59: 24.845983 | F59: 13.817911 | G59: 7.7969983 | H59: 19.643927 | I59: 3.3872424 | J59: -11.531345 | K59: 128.55107
B60: 43070 | C60: 45.984274 | D60: 24.192036 | E60: 24.829466 | F60: 13.99612 | G60: 7.8776165 | H60: 19.63644 | I60: 3.3113423 | J60: -13.631563 | K60: 126.19573
B61: 43160 | C61: 45.634616 | D61: 24.424055 | E61: 24.966584 | F61: 14.146627 | G61: 8.0037694 | H61: 19.451694 | I61: 3.2834958 | J61: -14.518818 | K61: 125.39202
B62: 43252 | C62: 45.41656 | D62: 24.569494 | E62: 25.112679 | F62: 14.3867 | G62: 8.110861 | H62: 19.012094 | I62: 3.2942516 | J62: -14.586902 | K62: 125.31574
A63: 2018-19 | B63: 43344 | C63: 45.328991 | D63: 24.605513 | E63: 25.055126 | F63: 14.623312 | G63: 8.1408448 | H63: 18.484469 | I63: 3.3136261 | J63: -14.74528 | K63: 124.8066
B64: 43435 | C64: 45.182765 | D64: 24.551924 | E64: 24.806779 | F64: 14.790444 | G64: 8.1031609 | H64: 18.100646 | I64: 3.3217407 | J64: -15.12734 | K64: 123.73012
B65: 43525 | C65: 44.633364 | D65: 24.565909 | E65: 24.64788 | F65: 14.744829 | G65: 8.0442923 | H65: 17.942816 | I65: 3.325608 | J65: -15.442782 | K65: 122.46192
B66: 43617 | C66: 43.984009 | D66: 24.758733 | E66: 24.73769 | F66: 14.455218 | G66: 7.9969361 | H66: 17.837705 | I66: 3.3337189 | J66: -15.380315 | K66: 121.7237
A67: 2019-20 | B67: 43709 | C67: 43.640672 | D67: 25.053156 | E67: 24.747215 | F67: 14.173934 | G67: 7.9816468 | H67: 17.65471 | I67: 3.3509937 | J67: -14.913283 | K67: 121.68904
B68: 43800 | C68: 43.481682 | D68: 25.178961 | E68: 24.179412 | F68: 14.038603 | G68: 7.9758885 | H68: 17.556549 | I68: 3.3720136 | J68: -14.796416 | K68: 120.98669
B69: 43891 | C69: 43.074858 | D69: 25.20119 | E69: 22.988261 | F69: 13.917524 | G69: 7.9863379 | H69: 17.68394 | I69: 3.3915342 | J69: -15.679728 | K69: 118.56392
B70: 43983 | C70: 42.288151 | D70: 25.201775 | E70: 21.894314 | F70: 13.591162 | G70: 8.0217343 | H70: 18.050682 | I70: 3.4115628 | J70: -17.704953 | K70: 114.75443
A71: 2020-21 | B71: 44075 | C71: 41.409342 | D71: 25.255691 | E71: 21.580893 | F71: 13.06779 | G71: 8.0801284 | H71: 18.472243 | I71: 3.4279224 | J71: -20.005092 | K71: 111.28892
B72: 44166 | C72: 40.809403 | D72: 25.49298 | E72: 22.193421 | F72: 12.689097 | G72: 8.1562805 | H72: 18.759931 | I72: 3.4348868 | J72: -21.806101 | K72: 109.7299
B73: 44256 | C73: 40.433684 | D73: 25.868498 | E73: 23.027838 | F73: 12.604671 | G73: 8.2093052 | H73: 18.897577 | I73: 3.4437526 | J73: -22.313728 | K73: 110.1716
B74: 44348 | C74: 40.115959 | D74: 26.152689 | E74: 23.455417 | F74: 12.650456 | G74: 8.2325884 | H74: 18.9753 | I74: 3.464411 | J74: -21.770352 | K74: 111.27647
A75: 2021-22 | B75: 44440 | C75: 39.843898 | D75: 26.130095 | E75: 23.425743 | F75: 12.646591 | G75: 8.2379006 | H75: 19.055669 | I75: 3.4929197 | J75: -21.079802 | K75: 111.75301
B76: 44531 | C76: 39.371515 | D76: 25.850914 | E76: 23.346137 | F76: 12.53527 | G76: 8.2298371 | H76: 19.102051 | I76: 3.5158903 | J76: -20.478829 | K76: 111.47279
B77: 44621 | C77: 38.870208 | D77: 25.435689 | E77: 23.568314 | F77: 12.443879 | G77: 8.2183137 | H77: 19.15644 | I77: 3.5167914 | J77: -19.314472 | K77: 111.89516
B78: 44713 | C78: 38.512507 | D78: 25.125635 | E78: 23.985145 | F78: 12.416224 | G78: 8.2394433 | H78: 19.313736 | I78: 3.5008505 | J78: -16.875208 | K78: 114.21833
A79: 2022-23 | B79: 44805 | C79: 38.193245 | D79: 24.980899 | E79: 24.293321 | F79: 12.447743 | G79: 8.275402 | H79: 19.548473 | I79: 3.4822996 | J79: -13.565268 | K79: 117.65611
B80: 44896 | C80: 37.926402 | D80: 24.965266 | E80: 24.492319 | F80: 12.430561 | G80: 8.2853762 | H80: 19.691939 | I80: 3.467509 | J80: -10.913411 | K80: 120.34596
B81: 44986 | C81: 37.586158 | D81: 24.943083 | E81: 24.636222 | F81: 12.273701 | G81: 8.2017426 | H81: 19.640676 | I81: 3.4627658 | J81: -10.046238 | K81: 120.69811
B82: 45078 | C82: 37.23992 | D82: 24.844858 | E82: 24.739499 | F82: 12.007611 | G82: 8.0391797 | H82: 19.406575 | I82: 3.4663242 | J82: -10.776106 | K82: 118.96786
A83: 2023-24 | B83: 45170 | C83: 37.264047 | D83: 24.679251 | E83: 24.89884 | F83: 11.808276 | G83: 7.8707079 | H83: 19.154588 | I83: 3.4752754 | J83: -12.067493 | K83: 117.08349
B84: 45261 | C84: 37.785404 | D84: 24.574011 | E84: 25.050703 | F84: 11.770351 | G84: 7.7507211 | H84: 18.981301 | I84: 3.4882576 | J84: -12.9462 | K84: 116.45455
B85: 45352 | C85: 38.331565 | D85: 24.516352 | E85: 25.23123 | F85: 11.910359 | G85: 7.7028572 | H85: 18.944667 | I85: 3.4876851 | J85: -13.191527 | K85: 116.93319
B86: 45444 | C86: 38.270765 | D86: 24.492063 | E86: 25.361517 | F86: 12.072881 | G86: 7.6965176 | H86: 19.017854 | I86: 3.4629747 | J86: -13.068557 | K86: 117.30601
A87: 2024-25 | B87: 45536 | C87: 37.650324 | D87: 24.446095 | E87: 25.32273 | F87: 12.038838 | G87: 7.7020433 | H87: 19.104479 | I87: 3.4213198 | J87: -12.990417 | K87: 116.69541
B88: 45627 | C88: 37.043629 | D88: 24.327784 | E88: 25.166975 | F88: 11.786034 | G88: 7.7476248 | H88: 19.17637 | I88: 3.3829657 | J88: -12.995726 | K88: 115.63566
B89: 45717 | C89: 36.873883 | D89: 24.221427 | E89: 25.059122 | F89: 11.482055 | G89: 7.83334 | H89: 19.190604 | I89: 3.3658859 | J89: -13.013458 | K89: 115.01286
B90: 45809 | C90: 36.78521 | D90: 24.180266 | E90: 25.121105 | F90: 11.371298 | G90: 7.9111348 | H90: 19.116307 | I90: 3.367489 | J90: -13.019622 | K90: 114.83319
A91: 2025-26 | B91: 45901 | C91: 36.316787 | D91: 24.274864 | E91: 25.301402 | F91: 11.461386 | G91: 7.9476498 | H91: 19.010044 | I91: 3.3734231 | J91: -12.975982 | K91: 114.70957
B92: 45992 | C92: 35.752232 | D92: 24.393912 | E92: 25.364215 | F92: 11.553741 | G92: 7.935403 | H92: 18.926983 | I92: 3.3745786 | J92: -12.925809 | K92: 114.37525
B93: 46082 | C93: 35.513959 | D93: 24.446466 | E93: 25.273723 | F93: 11.547348 | G93: 7.9221668 | H93: 18.900424 | I93: 3.3715264 | J93: -12.979536 | K93: 113.99608
A104: Source: Department of Climate Change, Energy, the Environment and Water

Sheet Back Cover
